date,nation,visitor,growth,share,age0-20,age21-30,age31-40,age41-50,age51-60,age61,male,female,crewman,tourism,business,official affairs,studying,others
2019-1,China,392814,28.73786981,35.55511707,36520,108591,103657,48574,40893,40998,147511,231722,13581,320113,2993,138,8793,60777
2019-1,Japan,206526,23.60683014,18.69346843,18015,57921,34165,39811,33857,20330,75070,129029,2427,198805,2233,127,785,4576
2019-1,Taiwan,87954,16.00369296,7.961057311,18888,17927,18595,18862,8169,4566,30805,56202,947,86393,74,22,180,1285
2019-1,Hong Kong,35896,3.533212195,3.249086036,3890,11384,7400,5461,4629,2137,12172,22729,995,34653,59,2,90,1092
2019-1,Macao,2570,-12.37640641,0.232620657,223,1013,762,264,181,92,748,1787,35,2506,2,0,17,45
2019-1,Phillipines,30473,0.062389177,2.758229295,1436,5051,5486,3140,1831,811,10460,7295,12718,14279,211,161,184,15638
2019-1,Indonesia,18842,10.61406599,1.705462422,2732,4213,3643,2895,1488,613,7295,8289,3258,14183,136,38,187,4298
2019-1,Thailand,41334,-8.026078636,3.741300485,3310,10977,10551,5821,3403,1873,12205,23730,5399,34004,37,199,96,6998
2019-1,Vietnam,20183,23.93613755,1.826841527,1824,5484,4200,1963,1095,450,7457,7559,5167,10739,763,110,1667,6904
2019-1,India,8671,16.84409109,0.784845805,258,1421,2310,1322,522,197,5123,907,2641,2318,2656,46,177,3474
2019-1,Malaysia,22065,-0.217066884,1.997188639,2923,6643,4546,2689,1946,769,8240,11276,2549,19043,95,7,99,2821
2019-1,Singapore,9855,1.976407285,0.892014232,670,2276,2044,1771,1342,522,4175,4450,1230,8372,94,8,48,1333
2019-1,Mongolia,9785,-9.339386639,0.885678261,1551,1807,2840,2105,970,465,4624,5114,47,8358,77,304,484,562
2019-1,Uzbekistan,5754,5.947339348,0.520816833,233,1614,1896,949,394,203,3863,1426,465,1958,561,0,407,2828
2019-1,Myanmar,5289,-11.67334669,0.478727882,27,1070,994,324,108,17,2290,250,2749,1304,10,31,67,3877
2019-1,*GCC,1776,-1.606648199,0.160752641,247,477,521,289,140,70,1132,612,32,1550,37,14,72,103
2019-1,Kazakhstan,3574,-9.33536276,0.323496587,343,928,857,479,402,260,1521,1748,305,2185,24,7,92,1266
2019-1,Turkey,1785,-7.704239917,0.161567266,57,239,300,206,89,24,681,234,870,792,13,32,36,912
2019-1,Cambodia,2695,10.85972851,0.243934892,124,1392,685,109,58,28,1666,730,299,635,39,55,51,1915
2019-1,Sri Lanka,1287,-14.2,0.116491356,13,373,550,151,31,8,1036,90,161,157,54,5,28,1043
2019-1,Bangladesh,1247,1.299756296,0.112870801,26,342,403,123,48,12,897,57,293,149,126,27,97,848
2019-1,Pakistan,1032,-10.7266436,0.093410318,62,328,378,147,67,17,857,142,33,238,178,10,193,413
2019-1,Israel,805,-0.494437577,0.072863669,19,80,170,223,120,178,591,199,15,727,12,0,9,57
2019-1,Iran,184,-66.78700361,0.016654553,9,30,73,39,12,6,122,47,15,60,45,10,23,46
2019-1,Asia others,4554,16.67947733,0.412200184,247,1605,1349,500,209,108,2990,1028,536,1561,308,70,205,2410
2019-1,USA,62737,4.744970365,5.678568939,5601,10672,10618,10137,11530,8972,32907,24623,5207,42989,418,2578,229,16523
2019-1,Canada,12460,0.346299428,1.127802875,959,2190,2299,1847,2184,1722,5783,5418,1259,8034,57,30,43,4296
2019-1,Brazil,1605,14.07249467,0.145274768,215,389,357,213,92,53,727,592,286,1136,16,9,41,403
2019-1,Mexico,1853,32.07412687,0.167722209,153,388,353,239,174,88,784,611,458,1282,11,7,38,515
2019-1,America others,2266,10.86105675,0.205104439,195,666,491,248,159,110,933,936,397,1541,24,33,128,540
2019-1,Russia,25194,14.86277013,2.280406552,2569,4480,5325,3866,2520,1299,10572,9487,5135,17260,181,37,191,7525
2019-1,UK,10148,7.968932865,0.918534798,923,1669,1801,1682,1695,1623,5903,3490,755,7982,175,17,41,1933
2019-1,Germany,6850,-6.522925764,0.62002004,357,1074,1414,1217,1377,502,4487,1454,909,4925,278,19,177,1451
2019-1,France,5574,-5.381089798,0.504524336,437,1316,1151,1135,704,238,3390,1591,593,3773,297,48,288,1168
2019-1,Italy,2731,-1.08656284,0.247193391,79,369,581,651,417,155,1750,502,479,1968,83,17,40,623
2019-1,Netherland,2269,-2.576212967,0.205375981,108,472,319,398,394,133,1335,489,445,1592,47,16,77,537
2019-1,Ukraine,2262,38.85819521,0.204742384,36,275,243,132,118,34,594,244,1424,593,58,3,28,1580
2019-1,Spain,1368,-16.17647059,0.12382298,61,312,348,281,154,58,841,373,154,1010,36,15,52,255
2019-1,Romania,872,19.12568306,0.078928098,57,92,128,89,65,13,315,129,428,412,8,4,3,445
2019-1,Norway,801,-19.33534743,0.072501613,41,168,139,139,144,57,511,177,113,552,66,4,28,151
2019-1,Sweden,982,4.246284501,0.088884625,69,217,187,206,196,69,664,280,38,844,29,6,18,85
2019-1,Poland,1324,-11.96808511,0.11984037,35,214,284,168,61,39,559,242,523,713,10,0,27,574
2019-1,Swiss,747,-29.32828761,0.067613864,41,166,120,128,164,81,493,207,47,613,18,0,19,97
2019-1,Portugal,564,-4.72972973,0.051049825,27,142,119,88,73,18,256,211,97,416,14,0,13,121
2019-1,Austria,776,-2.389937107,0.070238767,33,151,144,129,114,78,480,169,127,544,8,2,13,209
2019-1,Finland,859,-13.84152457,0.077751418,20,127,116,100,82,24,314,155,390,412,23,1,18,405
2019-1,Belgium,709,-6.092715232,0.064174337,28,134,142,133,129,39,460,145,104,490,24,4,22,169
2019-1,Croatia,491,-0.405679513,0.044442312,6,57,74,58,46,12,224,29,238,226,12,0,3,250
2019-1,Greece,775,8.848314607,0.070148253,7,95,164,130,72,51,475,44,256,481,17,4,0,273
2019-1,Bulgaria,431,17.75956284,0.03901148,3,38,49,46,28,15,140,39,252,154,1,1,10,265
2019-1,Denmark,751,7.439198856,0.06797592,56,130,101,168,124,52,478,153,120,520,21,6,16,188
2019-1,Ireland,595,0.506756757,0.053855755,23,140,151,105,77,46,379,163,53,392,15,1,2,185
2019-1,Europe others,2965,23.23358271,0.268373638,187,533,556,428,261,144,1282,827,856,1809,44,25,91,996
2019-1,Austrailia,14285,22.21937029,1.292990696,3194,3154,2068,2471,1937,1165,7126,6863,296,12795,93,17,34,1346
2019-1,New Zealand,2725,2.482136141,0.246650308,438,611,484,350,442,239,1376,1188,161,2029,20,17,5,654
2019-1,Oceania others,614,11.23188406,0.055575519,68,124,199,106,48,27,356,216,42,555,3,4,0,52
2019-1,South Africa,1000,10.74197121,0.090513874,36,371,236,94,59,47,390,453,157,368,9,1,6,616
2019-1,Africa others,2690,19.82182628,0.243482322,68,630,671,403,186,51,1596,413,681,768,718,90,206,908
2019-1,Stateless,54,-18.18181818,0.004887749,1,10,10,14,4,2,32,9,13,33,4,0,1,16
2019-1,Overseas Korean,15526,-19.11856637,1.405318414,439,1163,1618,3202,4785,4319,6475,9051,0,0,0,0,0,15526
2019-2,China,453379,31.2844406,37.72493306,33333,136272,122438,64289,51696,35050,191410,251668,10301,324291,2694,143,38731,87520
2019-2,Japan,213200,26.72297478,17.74002706,26804,75150,29004,33255,29288,17457,70961,139997,2242,204697,2125,119,2084,4175
2019-2,Taiwan,94559,7.360688496,7.868101401,15862,22177,20705,17971,11158,5887,34304,59456,799,92276,105,20,908,1250
2019-2,Hong Kong,51312,1.427159518,4.269588501,9786,8163,9141,11687,7666,3943,20802,29584,926,49695,54,3,489,1071
2019-2,Macao,3966,-17.95614398,0.330004443,830,954,848,637,374,286,1478,2451,37,3890,1,0,33,42
2019-2,Phillipines,29294,8.444082479,2.437506345,1180,4784,5551,3271,1991,980,9935,7822,11537,15541,171,57,189,13336
2019-2,Indonesia,18115,22.90521745,1.507319841,1685,4133,3733,2652,1612,613,7122,7306,3687,12172,147,72,697,5027
2019-2,Thailand,39220,-9.689601179,3.263432745,2211,10257,11089,5719,3213,1843,12303,22029,4888,32074,56,180,332,6578
2019-2,Vietnam,42181,72.11114738,3.509812764,6076,14050,9178,4455,2580,1156,20381,17114,4686,20071,806,98,9324,11882
2019-2,India,8309,17.14366277,0.691378447,238,1610,2346,1284,479,177,5147,987,2175,2372,2303,102,360,3172
2019-2,Malaysia,27484,21.99387456,2.286899173,4445,7261,5212,3630,3141,1511,11044,14156,2284,24047,136,2,604,2695
2019-2,Singapore,9792,7.687231937,0.814776477,735,2124,1987,1749,1386,738,4192,4527,1073,8228,114,6,257,1187
2019-2,Mongolia,9176,3.089540501,0.763520114,952,1934,2819,2055,990,384,4669,4465,42,6670,109,314,1152,931
2019-2,Uzbekistan,7149,28.00358102,0.594856723,417,2255,2217,1145,441,231,5008,1698,443,2165,716,5,1217,3046
2019-2,Myanmar,5367,1.168708765,0.446579387,68,1399,1074,319,94,27,2586,395,2386,1107,13,25,231,3991
2019-2,*GCC,1478,16.10369207,0.122981989,162,432,456,198,134,64,994,452,32,1143,27,9,192,107
2019-2,Kazakhstan,3774,-19.47941114,0.314028434,455,1027,896,555,330,231,1646,1848,280,1924,21,3,404,1422
2019-2,Turkey,1765,-6.9092827,0.146862794,40,314,259,171,71,48,604,299,862,664,13,29,151,908
2019-2,Cambodia,3715,43.88071263,0.309119139,255,1543,1094,223,170,158,2261,1182,272,1473,53,92,147,1950
2019-2,Sri Lanka,1516,31.4830876,0.126143907,9,469,661,148,60,14,1240,121,155,241,52,0,48,1175
2019-2,Bangladesh,1656,33.33333333,0.137793081,61,529,568,142,45,16,1198,163,295,228,83,38,265,1042
2019-2,Pakistan,1439,10.60722521,0.119736862,89,568,474,196,69,18,1217,197,25,257,290,11,463,418
2019-2,Israel,761,6.732117812,0.063321579,25,78,132,177,116,227,542,213,6,694,15,1,14,37
2019-2,Iran,329,-39.85374771,0.027375558,11,65,118,53,28,6,191,90,48,99,67,5,64,94
2019-2,Asia others,5150,12.9881527,0.428523168,288,1785,1593,606,282,118,3443,1229,478,1635,383,157,537,2438
2019-2,USA,57732,-12.59216642,4.803786314,4516,9527,9919,9187,10502,9602,29846,23407,4479,38475,386,1970,1144,15757
2019-2,Canada,13551,-17.56296386,1.127556786,1080,2490,2457,1811,2370,2205,6405,6008,1138,8888,45,27,116,4475
2019-2,Brazil,1354,-12.75773196,0.112664149,114,392,292,182,86,44,647,463,244,881,12,13,101,347
2019-2,Mexico,1435,2.426837973,0.119404028,51,408,290,149,105,60,590,473,372,818,1,7,207,402
2019-2,America others,2308,-2.120441052,0.192044946,178,759,472,256,183,119,964,1003,341,1578,19,24,257,430
2019-2,Russia,20001,-4.251041218,1.66425085,1329,4123,4137,2972,1994,1106,8297,7364,4340,12512,139,24,391,6935
2019-2,UK,7876,-23.78556222,0.655349217,353,1736,1474,1248,1284,1141,4640,2596,640,5864,150,8,105,1749
2019-2,Germany,6866,-28.30740315,0.571308751,288,1514,1306,1210,1213,571,4394,1708,764,4878,258,15,525,1190
2019-2,France,5830,-19.88456782,0.485104868,527,1793,1049,939,671,290,3329,1940,561,3685,235,30,958,922
2019-2,Italy,2384,-25.5,0.198368783,58,389,494,519,387,127,1487,487,410,1685,52,14,125,508
2019-2,Netherland,2357,-39.78027593,0.196122157,120,420,340,328,349,324,1297,584,476,1580,33,7,180,557
2019-2,Ukraine,2080,4.838709677,0.173073435,49,355,242,150,101,17,650,264,1166,543,51,2,57,1427
2019-2,Spain,1373,-9.193121693,0.114245109,38,374,316,301,130,80,792,447,134,1006,17,5,129,216
2019-2,Romania,771,20.28081123,0.064153663,5,102,121,83,49,21,265,116,390,334,4,4,30,399
2019-2,Norway,577,-67.29024943,0.048011236,43,174,101,73,109,61,407,154,16,455,38,3,45,36
2019-2,Sweden,927,-51.23619148,0.07713417,64,249,157,178,164,70,580,302,45,729,19,9,91,79
2019-2,Poland,1266,-24.7771836,0.105341812,33,269,222,132,69,23,486,262,518,619,14,0,74,559
2019-2,Swiss,877,-63.44310129,0.072973751,50,239,144,146,163,81,538,285,54,710,17,0,67,83
2019-2,Portugal,670,-14.54081633,0.055749616,67,130,131,110,90,59,269,318,83,545,5,0,19,101
2019-2,Austria,746,-56.52680653,0.062073453,22,188,144,120,117,61,446,206,94,561,9,7,36,133
2019-2,Finland,933,-51.75801448,0.07763342,34,212,101,101,86,32,351,215,367,398,10,1,139,385
2019-2,Belgium,654,-19.65601966,0.054418282,20,149,102,116,110,59,400,156,98,452,16,2,41,143
2019-2,Croatia,447,-6.680584551,0.037194147,5,48,55,61,41,9,193,26,228,192,7,1,11,236
2019-2,Greece,607,-19.28191489,0.050507488,14,80,144,95,67,42,390,52,165,381,27,0,5,194
2019-2,Bulgaria,326,-12.8342246,0.027125933,5,40,42,43,28,15,126,47,153,146,0,1,15,164
2019-2,Denmark,694,-13.46633416,0.057746617,42,177,102,112,114,48,423,172,99,469,12,5,77,131
2019-2,Ireland,613,-9.453471196,0.051006738,31,158,160,103,71,41,384,180,49,389,7,0,14,203
2019-2,Europe others,2674,-44.25682718,0.222499214,156,626,458,352,209,160,1177,784,713,1579,24,15,245,811
2019-2,Austrailia,8331,-4.994868286,0.693209031,896,1952,1535,1498,1234,901,4504,3512,315,6836,73,31,119,1272
2019-2,New Zealand,1863,-7.451564829,0.155017216,179,382,397,259,311,200,994,734,135,1221,14,5,11,612
2019-2,Oceania others,428,11.16883117,0.035613188,12,94,97,65,41,32,229,112,87,325,0,5,2,96
2019-2,South Africa,1191,8.767123288,0.099101183,27,567,261,105,67,38,471,594,126,374,6,5,8,798
2019-2,Africa others,3476,15.75091575,0.289232336,125,850,864,591,324,98,2195,657,624,1142,806,58,520,950
2019-2,Stateless,39,-26.41509434,0.003245127,2,7,8,5,6,5,24,9,6,24,1,0,3,11
2019-2,Overseas Korean,14459,-14.2763977,1.203109996,384,1166,1447,2776,4571,4115,6163,8296,0,0,0,0,0,14459
2019-3,China,487623,20.87438927,31.75371067,14459,137271,133971,64975,63774,60503,189613,285340,12670,369165,3933,414,32532,81579
2019-3,Japan,375119,27.38525381,24.42751919,81364,112727,42342,59631,47010,29468,106174,266368,2577,367157,2108,126,1231,4497
2019-3,Taiwan,98510,4.70430679,6.414910777,7613,24934,25101,17349,13044,9490,29719,67812,979,96643,64,12,460,1331
2019-3,Hong Kong,46068,-26.10202117,2.999919903,1597,10351,10333,8226,8773,5863,14116,31027,925,44679,61,5,265,1058
2019-3,Macao,3049,-31.23590438,0.19854901,60,976,905,440,413,230,819,2205,25,2974,2,0,41,32
2019-3,Phillipines,38701,-6.013065546,2.520185382,1989,6297,6541,4162,2664,1763,11556,11860,15285,21542,166,119,108,16766
2019-3,Indonesia,25626,26.84882685,1.668749402,2083,5810,5720,3888,2456,1263,9800,11420,4406,18857,242,135,277,6115
2019-3,Thailand,53100,-4.727729434,3.45783943,5577,12550,13698,8230,4641,2789,16052,31433,5615,45605,66,397,136,6896
2019-3,Vietnam,46991,24.79020608,3.060025097,4480,11937,10998,6360,5388,2599,20744,21018,5229,32117,1047,186,5394,8247
2019-3,India,10646,13.70287301,0.69326099,342,1735,2756,1563,681,389,6103,1363,3180,3051,3283,52,197,4063
2019-3,Malaysia,40789,7.779098956,2.656154661,5697,10012,8560,5923,5211,2915,14376,23942,2471,37653,107,7,286,2736
2019-3,Singapore,22105,-0.347128302,1.439464041,3822,4375,3731,3731,3201,1992,8476,12376,1253,20524,161,7,49,1364
2019-3,Mongolia,8724,-18.19204801,0.568101529,816,1776,2643,2120,997,327,4335,4344,45,6691,119,383,967,564
2019-3,Uzbekistan,8405,11.85786532,0.547328445,451,2414,2742,1398,587,334,6112,1814,479,3150,896,0,863,3496
2019-3,Myanmar,7021,15.24950755,0.457203214,118,1687,1376,469,221,71,3306,636,3079,2026,17,52,102,4824
2019-3,*GCC,3021,1.375838926,0.196725667,633,775,773,405,278,120,1658,1326,37,2758,22,19,135,87
2019-3,Kazakhstan,4915,-10.2283105,0.320061785,561,1241,1093,806,577,332,2078,2532,305,3202,11,3,178,1521
2019-3,Turkey,2532,2.75974026,0.164882287,54,385,545,316,147,101,1092,456,984,1369,15,73,38,1037
2019-3,Cambodia,2501,8.362218371,0.162863586,109,1260,752,133,88,76,1727,691,83,752,43,107,38,1561
2019-3,Sri Lanka,1494,0.201207243,0.097288364,26,539,523,118,49,18,1179,94,221,177,53,11,28,1225
2019-3,Bangladesh,1704,14.20911528,0.110963435,62,624,493,186,85,23,1353,120,231,206,148,107,230,1013
2019-3,Pakistan,1282,-11.7687543,0.083483054,61,470,413,184,85,15,1085,143,54,285,233,14,256,494
2019-3,Israel,1613,6.609385327,0.105037571,31,159,224,296,290,603,1037,566,10,1549,11,1,1,51
2019-3,Iran,382,-50.1305483,0.024875606,30,60,134,76,31,28,228,131,23,195,95,8,30,54
2019-3,Asia others,6719,8.039877794,0.437537159,470,2435,1957,789,439,184,4533,1741,445,2759,547,241,402,2770
2019-3,USA,84275,5.239825672,5.487936308,7736,12709,14323,13477,15237,15631,43129,35984,5162,65448,400,2221,190,16016
2019-3,Canada,18670,-0.865502044,1.215778948,2092,2557,3293,2901,3094,3530,8627,8840,1203,14313,42,38,37,4240
2019-3,Brazil,1673,4.693366708,0.108944734,116,347,426,235,139,120,754,629,290,1250,19,15,21,368
2019-3,Mexico,2201,-3.633975482,0.14332777,90,437,528,283,228,172,1014,724,463,1663,7,1,18,512
2019-3,America others,3208,13.19689485,0.208902992,134,776,789,404,264,193,1458,1102,648,2299,22,27,79,781
2019-3,Russia,27992,8.778611122,1.82282187,2909,5430,6403,4511,2850,1519,12054,11568,4370,20692,141,13,182,6964
2019-3,UK,12813,4.536183405,0.834374701,415,1983,2151,1966,2182,3244,7278,4663,872,11064,126,13,50,1560
2019-3,Germany,11142,-0.863066109,0.725560206,468,2076,2139,1853,2064,1707,6960,3347,835,9496,219,29,106,1292
2019-3,France,7469,5.167558434,0.486376699,436,1776,1610,1484,978,585,4327,2542,600,5824,274,60,245,1066
2019-3,Italy,3583,1.071932299,0.233322762,81,528,844,874,583,229,2364,775,444,2931,64,10,33,545
2019-3,Netherland,2898,8.783783784,0.188715982,92,463,495,463,513,399,1688,737,473,2219,47,12,20,600
2019-3,Ukraine,2368,4.732419284,0.154202708,58,318,298,176,114,40,688,316,1364,630,95,6,17,1620
2019-3,Spain,2007,-11.50793651,0.130694609,44,443,562,490,206,112,1247,610,150,1675,21,10,36,265
2019-3,Romania,1044,7.628865979,0.06798464,29,100,177,106,79,28,355,164,525,494,5,3,2,540
2019-3,Norway,858,-39.0625,0.055872434,92,199,146,143,162,76,546,272,40,723,37,1,24,73
2019-3,Sweden,1458,-14.03301887,0.094944066,85,332,264,307,266,154,868,540,50,1261,30,9,47,111
2019-3,Poland,1960,12.06403659,0.127633998,38,351,477,245,129,98,839,499,622,1264,8,1,21,666
2019-3,Swiss,1224,-18.34556371,0.079706129,49,215,226,209,239,237,760,415,49,1054,13,1,21,135
2019-3,Portugal,824,-16.08961303,0.053658375,18,153,203,163,125,65,394,333,97,686,2,0,8,128
2019-3,Austria,911,-15.09785648,0.059323761,20,150,212,161,163,96,597,205,109,740,9,0,5,157
2019-3,Finland,1082,-9.304274937,0.070459176,39,161,138,171,144,43,444,252,386,641,17,3,15,406
2019-3,Belgium,1400,31.45539906,0.091167141,34,189,275,266,312,219,902,393,105,1161,16,20,9,194
2019-3,Croatia,489,-25.57077626,0.03184338,4,53,76,56,39,15,192,51,246,211,11,1,3,263
2019-3,Greece,803,-10.6785317,0.052290867,16,91,163,113,117,44,449,95,259,509,13,10,1,270
2019-3,Bulgaria,455,-7.894736842,0.029629321,16,44,66,56,32,15,158,71,226,212,3,1,3,236
2019-3,Denmark,1001,-13.78122308,0.065184506,64,198,153,181,166,116,609,269,123,813,11,5,10,162
2019-3,Ireland,724,-3.466666667,0.047146436,21,150,153,132,115,95,457,209,58,587,7,2,5,123
2019-3,Europe others,3300,2.262163,0.214893976,107,580,647,532,272,194,1469,863,968,2105,31,18,67,1079
2019-3,Austrailia,12263,14.68250257,0.798559038,974,1504,2078,2083,2040,3260,6337,5602,324,10769,99,31,13,1351
2019-3,New Zealand,2451,3.855932203,0.159607617,188,363,499,366,482,411,1304,1005,142,1800,24,4,2,621
2019-3,Oceania others,430,13.75661376,0.028001336,20,79,99,79,48,22,228,119,83,331,2,6,2,89
2019-3,South Africa,945,19.01763224,0.06153782,30,276,192,110,93,71,387,385,173,488,5,2,6,444
2019-3,Africa others,3798,16.28903858,0.24732343,136,729,924,595,294,100,2136,642,1020,1267,831,87,259,1354
2019-3,Stateless,57,3.636363636,0.003711805,0,8,10,9,9,7,32,11,14,38,2,0,0,17
2019-3,Overseas Korean,19225,-18.8681634,1.251920208,918,1336,1901,4011,5402,5657,7845,11380,0,0,0,0,0,19225
2019-4,China,493250,34.54572236,30.16697797,16492,134102,139617,65302,62969,61204,180816,298870,13564,410542,3575,362,9959,68812
2019-4,Japan,290092,35.65018962,17.74191378,28550,73721,49370,53623,45116,36773,106567,180586,2939,283101,1584,126,333,4948
2019-4,Taiwan,113072,7.506393983,6.915439499,9518,23691,28047,20239,16531,14028,35445,76609,1018,111505,73,13,147,1334
2019-4,Hong Kong,76104,14.38534261,4.654491011,12113,12084,14315,15750,12675,8376,25868,49445,791,75074,47,2,90,891
2019-4,Macao,4310,4.535532379,0.263597922,375,1188,1196,575,558,418,1226,3084,0,4292,1,1,3,13
2019-4,Phillipines,66525,35.6186166,4.068643101,7525,9875,10284,8410,5904,4280,19859,26419,20247,43794,228,167,45,22291
2019-4,Indonesia,31427,12.58911618,1.922063085,2137,6622,6488,4424,3222,1830,10870,13853,6704,22596,225,207,54,8345
2019-4,Thailand,69726,7.734857849,4.264415014,7710,17390,17251,10301,7013,4423,20811,43277,5638,61999,53,401,55,7218
2019-4,Vietnam,63169,24.52737201,3.863391447,4636,14925,16384,9377,7854,4688,26558,31306,5305,51939,1271,283,1284,8392
2019-4,India,12933,21.53932901,0.790977245,490,1707,2829,1641,821,481,6192,1777,4964,4088,3039,53,75,5678
2019-4,Malaysia,43726,4.770576255,2.674265137,3801,10929,9100,6077,6478,4908,14850,26443,2433,40894,120,4,27,2681
2019-4,Singapore,23307,10.30288689,1.425447046,1914,5364,4648,3715,3616,2784,8532,13509,1266,21814,116,1,19,1357
2019-4,Mongolia,7582,-0.328644669,0.463712168,762,1292,2457,1881,858,292,3670,3872,40,6389,83,299,248,563
2019-4,Uzbekistan,7378,3.289934201,0.451235608,197,1837,2480,1366,564,376,5078,1742,558,3270,651,4,109,3344
2019-4,Myanmar,7272,-1.195652174,0.444752689,285,1557,1245,578,369,196,3026,1204,3042,2716,13,62,17,4464
2019-4,*GCC,3265,32.34698014,0.199686129,516,864,914,470,334,137,1812,1423,30,3115,24,17,34,75
2019-4,Kazakhstan,4618,-3.731498853,0.282435082,391,1191,1151,689,520,364,2026,2280,312,3129,20,11,17,1441
2019-4,Turkey,2826,-15.10964254,0.17283706,71,395,522,385,283,243,1190,709,927,1687,12,142,13,972
2019-4,Cambodia,5325,34.81012658,0.325674927,500,2730,1226,341,268,260,3666,1659,0,2028,63,112,18,3104
2019-4,Sri Lanka,1478,5.571428571,0.090393905,63,464,474,146,73,24,1118,126,234,313,72,6,8,1079
2019-4,Bangladesh,1318,7.767784137,0.080608367,35,336,402,155,99,24,948,103,267,275,137,125,49,732
2019-4,Pakistan,1218,7.597173145,0.074492406,46,300,399,241,111,30,1010,117,91,361,315,36,66,440
2019-4,Israel,2221,17.95007966,0.135835495,143,215,269,287,310,987,1172,1039,10,2161,11,0,2,47
2019-4,Iran,298,-54.50381679,0.018225564,9,39,114,66,43,10,207,74,17,148,79,5,12,54
2019-4,Asia others,6762,11.62099703,0.413561287,417,2249,1806,884,542,249,4302,1845,615,3247,484,200,64,2767
2019-4,USA,102524,14.9256241,6.270327926,10481,13435,16627,15013,17478,23933,50350,46617,5557,83521,352,3763,113,14775
2019-4,Canada,21361,15.03581238,1.306430444,1760,4313,3657,2745,3479,4066,9754,10266,1341,17275,44,43,15,3984
2019-4,Brazil,2212,22.68441486,0.135285059,108,389,525,296,228,322,975,893,344,1752,15,16,5,424
2019-4,Mexico,3298,39.98302207,0.201704396,328,632,720,456,331,310,1358,1419,521,2722,7,7,15,547
2019-4,America others,4422,25.34013605,0.270447798,155,898,1007,566,441,435,1934,1568,920,3292,34,44,19,1033
2019-4,Russia,34205,9.235780666,2.091964483,2794,6918,7501,5078,3591,1853,13954,13781,6470,25342,166,25,41,8631
2019-4,UK,16707,25.02432089,1.021793616,1333,2814,3063,2227,2545,3658,8976,6664,1067,14760,141,19,18,1769
2019-4,Germany,12873,17.84145002,0.787307668,1172,2083,2532,2003,2218,1590,7417,4181,1275,10819,212,28,84,1730
2019-4,France,11616,14.17338313,0.710430038,1349,2707,2356,1914,1449,1108,6212,4671,733,10034,224,40,164,1154
2019-4,Italy,4381,5.642633229,0.267940254,202,586,892,876,598,281,2395,1040,946,3238,46,18,12,1067
2019-4,Netherland,4089,23.83403998,0.250081648,378,736,665,640,722,498,2322,1317,450,3452,48,8,12,569
2019-4,Ukraine,2574,13.84343211,0.157424838,58,343,321,223,117,34,755,341,1478,799,76,7,8,1684
2019-4,Spain,2678,32.44312562,0.163785437,155,618,680,523,336,165,1532,945,201,2314,20,14,29,301
2019-4,Romania,1323,15.54585153,0.080914165,35,180,243,135,96,61,440,310,573,721,6,3,1,592
2019-4,Norway,1489,48.01192843,0.09106666,134,472,275,204,192,181,871,587,31,1382,29,3,8,67
2019-4,Sweden,2188,17.6344086,0.133817228,227,563,453,360,263,245,1228,883,77,2007,18,16,22,125
2019-4,Poland,2301,9.46717412,0.140728264,124,400,492,330,166,172,926,758,617,1615,9,7,11,659
2019-4,Swiss,2236,27.77142857,0.136752889,265,456,408,325,364,354,1281,891,64,2068,15,9,11,133
2019-4,Portugal,1192,13.09297913,0.072902256,96,187,283,199,152,164,475,606,111,1052,5,0,2,133
2019-4,Austria,1140,6.343283582,0.069721956,60,242,224,188,154,118,636,350,154,935,9,1,9,186
2019-4,Finland,1275,8.326253186,0.077978504,85,219,182,178,146,91,497,404,374,854,8,2,27,384
2019-4,Belgium,1490,13.91437309,0.09112782,138,339,242,255,264,161,841,558,91,1313,20,5,8,144
2019-4,Croatia,578,9.46969697,0.035350255,11,49,84,65,44,20,218,55,305,255,7,0,1,315
2019-4,Greece,798,-6.884480747,0.048805369,44,71,167,132,77,38,428,101,269,501,15,0,0,282
2019-4,Bulgaria,742,26.40545145,0.045380431,26,72,96,82,47,19,218,124,400,323,4,2,2,411
2019-4,Denmark,1387,18.64841745,0.08482838,191,331,206,210,201,135,766,508,113,1196,16,10,14,151
2019-4,Ireland,986,36.37621024,0.060303376,54,226,229,171,118,109,578,329,79,855,4,0,1,126
2019-4,Europe others,4333,24.58309373,0.265004593,184,759,919,591,412,336,1857,1344,1132,3032,54,30,24,1193
2019-4,Austrailia,19938,28.63225806,1.219400318,2607,2517,3298,2990,2759,5427,9697,9901,340,18581,77,67,13,1200
2019-4,New Zealand,3802,22.60561109,0.23252884,473,629,674,473,647,746,1956,1686,160,3189,19,11,2,581
2019-4,Oceania others,471,1.290322581,0.028806177,26,80,99,88,50,29,226,146,99,343,3,8,13,104
2019-4,South Africa,1159,17.66497462,0.070883989,33,299,215,146,108,101,477,425,257,676,7,1,1,474
2019-4,Africa others,3858,3.487124464,0.235953778,132,703,923,703,356,119,2153,783,922,1797,786,68,70,1137
2019-4,Stateless,64,-1.538461538,0.003914215,2,4,17,11,9,12,36,19,9,48,2,0,0,14
2019-4,Overseas Korean,20174,-15.46616384,1.233833986,443,1260,2035,3906,5741,6789,8255,11919,0,0,0,0,0,20174
2019-5,China,500413,35.16565736,33.68233083,17011,138797,141104,66171,63504,58996,187922,297661,14830,413949,4034,534,14003,67893
2019-5,Japan,286273,25.98380496,19.26876779,20144,71069,47535,51611,47821,45462,104270,179372,2631,279174,2019,91,715,4274
2019-5,Taiwan,101779,15.25978438,6.850649263,10262,21375,25044,18819,13791,11481,32707,68065,1007,100004,84,11,234,1446
2019-5,Hong Kong,57026,-0.512909979,3.838366705,5934,13256,10654,9285,10340,6612,17219,38862,945,55756,56,2,147,1065
2019-5,Macao,2909,-7.208931419,0.195802068,182,924,853,368,365,216,758,2150,1,2885,1,0,13,10
2019-5,Phillipines,50569,18.36758579,3.403752076,5084,6991,7129,5841,3647,2491,14645,16538,19386,29015,201,176,56,21121
2019-5,Indonesia,18936,-0.634937293,1.274564443,1662,3677,3053,2189,1472,1001,6964,6090,5882,11464,154,152,75,7091
2019-5,Thailand,52660,1.530868006,3.54449533,4348,15554,12607,7457,4588,2623,14714,32463,5483,45671,61,445,71,6412
2019-5,Vietnam,44416,31.89214871,2.989599403,4331,10596,10812,6071,4813,2431,19493,19561,5362,32528,1073,368,2338,8109
2019-5,India,13858,19.20860215,0.932769014,539,1892,2822,1716,823,431,6498,1725,5635,4483,2896,99,92,6288
2019-5,Malaysia,31217,22.79521674,2.101187063,3527,7075,6795,4640,3959,2900,11284,17612,2321,28485,116,1,57,2558
2019-5,Singapore,20114,1.750303521,1.353854521,1705,4983,3656,3311,3146,2022,7546,11277,1291,18448,152,2,71,1441
2019-5,Mongolia,8014,2.835878352,0.539414842,648,1390,2591,2037,988,318,3899,4073,42,6742,95,283,390,504
2019-5,Uzbekistan,6839,-0.754607459,0.460326691,239,1706,2403,1186,505,299,4721,1617,501,3055,830,3,152,2799
2019-5,Myanmar,6556,1.126021903,0.441278226,132,1395,1221,515,248,89,2971,629,2956,1990,17,83,33,4433
2019-5,*GCC,930,-27.79503106,0.06259743,126,287,243,144,69,38,655,252,23,819,21,2,51,37
2019-5,Kazakhstan,4585,-1.142733937,0.30861206,494,1263,1087,651,461,339,1998,2297,290,3349,15,9,38,1174
2019-5,Turkey,2492,-2.312818503,0.167734188,40,376,506,332,148,93,1038,457,997,1334,12,78,45,1023
2019-5,Cambodia,4236,-3.507972665,0.285121197,218,2164,1210,257,204,177,2953,1277,6,1484,44,144,22,2542
2019-5,Sri Lanka,1538,-9.101654846,0.103521341,10,429,606,160,80,31,1249,67,222,251,64,2,7,1214
2019-5,Bangladesh,1225,4.880136986,0.082453604,39,315,384,168,60,15,865,116,244,242,102,106,30,745
2019-5,Pakistan,854,-25.28433946,0.057481941,68,194,270,160,75,31,686,112,56,290,180,19,62,303
2019-5,Israel,1409,9.735202492,0.094838472,38,251,243,284,218,365,908,491,10,1331,9,0,3,66
2019-5,Iran,271,-62.41331484,0.018240756,15,44,109,55,26,9,190,68,13,146,62,5,13,45
2019-5,Asia others,4786,-23.7776716,0.322141182,223,1513,1423,615,299,164,3086,1151,549,1953,348,214,61,2210
2019-5,USA,95815,13.25516247,6.449218003,10775,17360,14919,13668,16001,17242,47995,41970,5850,76044,368,3153,308,15942
2019-5,Canada,19439,4.224974532,1.308420902,1511,5140,3135,2421,3254,2702,9036,9127,1276,15237,47,27,49,4079
2019-5,Brazil,2054,20.89464391,0.138252818,103,389,504,299,196,169,947,713,394,1550,18,14,15,457
2019-5,Mexico,2565,24.21307506,0.17264775,99,532,557,315,328,226,1144,913,508,1934,3,13,68,547
2019-5,America others,3646,12.6003706,0.245408849,103,814,919,500,331,325,1649,1343,654,2779,29,36,48,754
2019-5,Russia,32955,23.48709109,2.218170217,3189,6583,7569,4882,3353,1613,14269,12920,5766,24861,165,39,87,7803
2019-5,UK,11522,6.655558641,0.77553504,446,2383,2371,1794,1946,1624,6615,3949,958,9737,137,16,44,1588
2019-5,Germany,10103,4.165377874,0.680023477,427,1748,2307,1770,1810,998,6418,2642,1043,8262,220,23,213,1385
2019-5,France,10395,10.7028754,0.699677724,620,2571,2027,1683,1352,1220,5653,3820,922,8254,267,54,430,1390
2019-5,Italy,4856,8.417057379,0.326852817,82,594,892,995,669,396,2681,947,1228,3400,61,19,54,1322
2019-5,Netherland,3348,8.560311284,0.225350748,166,717,586,584,540,344,1991,946,411,2737,31,5,57,518
2019-5,Ukraine,2397,6.438721137,0.161339827,51,299,293,176,126,42,686,301,1410,698,89,2,10,1598
2019-5,Spain,2403,6.468763846,0.161743682,70,496,576,547,269,258,1479,737,187,2032,20,17,64,270
2019-5,Romania,1122,3.03030303,0.07552077,8,127,215,110,76,26,366,196,560,542,4,1,8,567
2019-5,Norway,820,-4.982618772,0.055193433,36,171,154,162,156,109,555,233,32,716,19,0,32,53
2019-5,Sweden,1655,4.879594423,0.111396502,86,435,334,294,270,167,1042,544,69,1485,24,8,36,102
2019-5,Poland,2259,20.80213904,0.152051176,52,382,568,320,141,119,985,597,677,1489,10,3,26,731
2019-5,Swiss,1585,9.159779614,0.106684867,68,332,294,290,303,240,1012,515,58,1434,22,1,30,98
2019-5,Portugal,916,12.53071253,0.061655103,32,161,217,173,120,80,433,350,133,749,12,0,6,149
2019-5,Austria,992,3.657262278,0.066770592,22,214,230,169,137,99,614,257,121,800,4,3,14,171
2019-5,Finland,1329,9.653465347,0.089453747,48,306,178,195,159,65,562,389,378,864,12,7,57,389
2019-5,Belgium,1245,22.41887906,0.083799785,16,257,245,247,219,128,783,329,133,1012,21,4,23,185
2019-5,Croatia,569,17.31958763,0.038298858,8,48,89,66,36,23,221,49,299,252,5,1,2,309
2019-5,Greece,749,-2.727272727,0.050414489,16,87,155,136,96,50,459,81,209,495,21,2,1,230
2019-5,Bulgaria,639,0.947867299,0.043010492,11,70,84,89,59,39,204,148,287,330,3,2,2,302
2019-5,Denmark,1181,16.12586037,0.079492005,86,264,187,218,229,89,745,328,108,979,14,11,29,148
2019-5,Ireland,752,0.939597315,0.050616416,20,207,159,143,93,67,450,239,63,619,14,2,1,116
2019-5,Europe others,3962,19.30141524,0.266678513,134,695,797,575,302,223,1708,1018,1236,2495,44,22,55,1346
2019-5,Austrailia,13558,8.707504811,0.912576295,972,1808,2442,2294,2282,3446,7049,6195,314,12114,77,46,50,1271
2019-5,New Zealand,3172,4.514003295,0.213504352,234,469,574,397,649,706,1685,1344,143,2550,21,8,3,590
2019-5,Oceania others,638,19.69981238,0.042943183,39,124,127,127,71,39,312,215,111,499,2,10,6,121
2019-5,South Africa,1064,-2.115915363,0.071616844,15,243,174,120,95,48,393,302,369,513,9,7,2,533
2019-5,Africa others,3214,-24.30522845,0.216331333,91,506,691,484,298,104,1670,504,1040,1208,578,72,93,1263
2019-5,Stateless,72,1.408450704,0.004846253,4,7,19,7,10,6,34,19,19,44,3,0,0,25
2019-5,Overseas Korean,18788,-18.95086493,1.264602702,322,1285,1856,3575,5606,6144,7694,11094,0,0,0,0,0,18788
2019-6,China,475007,25.03770818,32.1772936,27351,138838,133662,60406,54228,47686,169793,292378,12836,395196,3743,399,14680,60989
2019-6,Japan,282476,20.05287025,19.13511419,18006,77298,51694,51452,45179,36174,98280,181523,2673,275286,1901,136,771,4382
2019-6,Taiwan,118437,15.14052672,8.023002023,19121,26305,26066,22281,13404,10350,37622,79905,910,116323,84,24,719,1287
2019-6,Hong Kong,61728,-6.665053828,4.181496229,9344,14229,10823,10073,10151,6341,18462,42499,767,60526,46,2,280,874
2019-6,Macao,3622,-5.701640198,0.245356716,479,1268,883,417,352,223,982,2640,0,3556,1,0,55,10
2019-6,Phillipines,40748,8.505086009,2.760296921,3371,6607,6006,4561,2868,1641,12415,12639,15694,22430,174,166,80,17898
2019-6,Indonesia,27880,22.10397232,1.888609948,5310,5677,4581,4066,2391,1561,12320,11266,4294,19928,182,346,223,7201
2019-6,Thailand,37684,-8.132618235,2.552739501,2392,11601,8936,4711,2916,1646,10342,21860,5482,30596,61,308,115,6604
2019-6,Vietnam,58339,20.79718397,3.95192309,10409,11320,12393,9385,6434,3113,23902,29152,5285,45005,1098,542,3490,8204
2019-6,India,13249,28.0591533,0.897496169,749,2171,3089,1867,839,332,7088,1959,4202,4892,3084,194,121,4958
2019-6,Malaysia,25538,-7.561443515,1.729961293,3317,6290,5083,3826,2943,1926,9790,13595,2153,22652,121,5,139,2621
2019-6,Singapore,24743,7.033784661,1.676107458,4952,5511,3490,4619,2808,2096,10238,13238,1267,23162,128,11,50,1392
2019-6,Mongolia,9244,1.326318097,0.626194776,1520,1717,2922,1942,847,259,4093,5114,37,7647,74,284,584,655
2019-6,Uzbekistan,7295,8.074074074,0.494168206,490,1871,2397,1295,480,280,4938,1875,482,3429,862,5,197,2802
2019-6,Myanmar,6303,6.559594252,0.426969458,107,1404,1102,393,185,64,2716,539,3048,1621,15,154,71,4442
2019-6,*GCC,4736,82.50481696,0.320819825,897,1109,1341,651,427,155,2831,1749,156,4318,42,12,112,252
2019-6,Kazakhstan,4829,6.108547572,0.327119707,836,1315,1014,727,373,250,2018,2497,314,3472,13,2,98,1244
2019-6,Turkey,2835,13.44537815,0.192044806,160,490,554,353,167,130,1111,743,981,1613,6,137,37,1042
2019-6,Cambodia,3733,35.99271403,0.25287593,198,1966,1027,263,174,104,2504,1228,1,1274,48,192,30,2189
2019-6,Sri Lanka,1819,-5.751295337,0.123220283,24,746,540,152,57,26,1437,108,274,245,76,5,14,1479
2019-6,Bangladesh,1260,0.398406375,0.085353247,56,366,381,148,74,21,928,118,214,237,144,93,41,745
2019-6,Pakistan,979,-11.88118812,0.066318118,83,275,318,182,76,22,814,142,23,356,228,29,61,305
2019-6,Israel,940,4.910714286,0.063676232,28,164,225,238,160,115,714,216,10,879,10,1,1,49
2019-6,Iran,384,-34.24657534,0.026012418,18,71,141,71,43,16,276,84,24,252,52,8,16,56
2019-6,Asia others,6396,10.65743945,0.433269341,428,2333,1798,796,469,173,4356,1641,399,2797,456,360,133,2650
2019-6,USA,105398,11.24738764,7.139731395,25567,16732,13859,17788,15491,10452,52374,47515,5509,86508,367,3470,350,14703
2019-6,Canada,16133,11.10116383,1.092860269,2206,3547,2573,2299,2469,1723,7417,7400,1316,12012,38,26,46,4011
2019-6,Brazil,1924,19.13312693,0.130333054,146,442,470,310,154,108,881,749,294,1481,19,23,18,383
2019-6,Mexico,2361,16.13379242,0.159935728,245,624,378,306,225,127,960,945,456,1821,7,3,47,483
2019-6,America others,3370,20.1426025,0.228286066,259,941,799,463,272,178,1576,1336,458,2732,14,41,47,536
2019-6,Russia,28666,6.97865353,1.941854116,5006,5402,5961,4069,2345,1327,11588,12522,4556,21774,175,33,110,6574
2019-6,UK,11155,5.375023616,0.755647201,932,2745,1965,1643,1795,1278,6305,4053,797,9538,129,10,46,1432
2019-6,Germany,8947,6.208452042,0.606075796,817,1592,1821,1615,1540,648,5571,2462,914,7284,209,25,160,1269
2019-6,France,8559,10.92534992,0.579792415,765,2493,1513,1336,1005,648,4650,3110,799,6915,229,25,297,1093
2019-6,Italy,4136,4.470825966,0.280175421,242,630,747,820,577,280,2295,1001,840,3039,47,13,68,969
2019-6,Netherland,2900,11.79645335,0.19644795,174,641,514,494,433,213,1637,832,431,2252,41,4,35,568
2019-6,Ukraine,1941,0.674273859,0.131484645,87,257,249,146,87,27,597,256,1088,606,83,3,21,1228
2019-6,Spain,2590,21.3683224,0.175448342,225,551,583,547,295,239,1479,961,150,2238,27,7,51,267
2019-6,Romania,984,0.1017294,0.066656822,22,124,191,110,72,38,328,229,427,524,9,7,5,439
2019-6,Norway,1156,5.186533212,0.078308217,229,313,176,182,144,85,649,480,27,1069,27,0,11,49
2019-6,Sweden,2079,2.413793103,0.140832858,394,608,272,364,290,89,1103,914,62,1926,26,9,31,87
2019-6,Poland,2201,29.54679223,0.14909722,157,434,443,291,161,83,926,643,632,1479,12,0,20,690
2019-6,Swiss,1239,2.143446002,0.083930693,119,299,217,213,217,132,771,426,42,1132,19,3,14,71
2019-6,Portugal,868,4.704463209,0.058798904,68,180,213,161,109,40,390,381,97,751,5,0,2,110
2019-6,Austria,889,8.150851582,0.060221458,56,174,183,155,147,74,542,247,100,743,6,1,12,127
2019-6,Finland,1338,12.24832215,0.09063702,211,251,184,195,125,40,537,469,332,946,9,1,36,346
2019-6,Belgium,1181,29.21225383,0.080001734,89,259,212,216,176,105,711,346,124,986,19,1,10,165
2019-6,Croatia,403,-7.780320366,0.027299491,5,41,76,54,27,14,181,36,186,207,2,0,1,193
2019-6,Greece,765,-3.164556962,0.051821614,26,83,165,117,86,69,439,107,219,508,18,1,3,235
2019-6,Bulgaria,448,-13.84615385,0.030347821,7,59,73,48,32,7,157,69,222,215,1,1,0,231
2019-6,Denmark,939,7.191780822,0.063608491,77,257,132,179,153,54,587,265,87,767,7,8,27,130
2019-6,Ireland,820,7.894736842,0.055547351,64,226,180,153,98,42,488,275,57,682,6,5,7,120
2019-6,Europe others,3519,21.09428768,0.238379426,233,712,707,520,234,106,1461,1051,1007,2213,46,32,47,1181
2019-6,Austrailia,13201,11.48551643,0.894244617,1811,2065,2129,2421,2112,2390,6796,6132,273,11804,77,61,57,1202
2019-6,New Zealand,3547,23.84776536,0.240276165,504,550,641,529,595,582,1873,1528,146,2949,12,15,1,570
2019-6,Oceania others,604,15.93090211,0.040915366,42,118,121,103,95,44,290,233,81,503,4,9,1,87
2019-6,South Africa,973,13.4032634,0.065911674,66,301,200,128,101,43,428,411,134,689,3,7,3,271
2019-6,Africa others,3625,14.24519382,0.245559938,165,763,927,620,337,148,2074,886,665,1822,662,68,116,957
2019-6,Stateless,44,-42.10526316,0.00298059,2,5,11,10,6,3,25,12,7,33,2,0,0,9
2019-6,Overseas Korean,17111,-19.61760699,1.159110646,459,1284,1890,3982,4906,4590,6912,10199,0,0,0,0,0,17111
2019-7,China,519132,26.51357299,35.84999865,73000,136470,132334,67717,50810,45511,186367,319475,13290,439699,3587,356,10847,64643
2019-7,Japan,274830,19.22589713,18.9790942,29935,74999,45684,51048,41920,28827,95905,176508,2417,267816,1855,149,694,4316
2019-7,Taiwan,113587,16.26576318,7.844043128,30750,16713,20271,25784,11140,8216,39999,72875,713,112231,75,22,184,1075
2019-7,Hong Kong,59036,1.135799085,4.076883183,14776,10055,9485,11751,7629,4578,20878,37396,762,57868,50,1,212,905
2019-7,Macao,5246,-5.52854313,0.362276055,1575,1162,1090,693,407,319,1705,3541,0,5207,1,0,23,15
2019-7,Phillipines,29074,-0.557512741,2.007780027,1651,4215,3960,2964,1854,907,8468,7083,13523,13795,160,171,121,14827
2019-7,Indonesia,18260,1.101821605,1.260991377,2333,4187,3404,2519,1346,539,8062,6266,3932,11279,146,255,230,6350
2019-7,Thailand,37278,11.47727273,2.574328398,2711,11238,8904,4717,2683,1510,10535,21228,5515,30132,58,230,108,6750
2019-7,Vietnam,52521,13.41179011,3.626973061,8985,11103,10993,8094,5436,2643,21621,25633,5267,39404,1049,348,3062,8658
2019-7,India,10432,5.065968375,0.720408655,448,1688,2524,1576,668,300,5899,1305,3228,3509,2828,51,142,3902
2019-7,Malaysia,16831,7.244806933,1.162308098,1730,4669,3599,2300,1561,764,6528,8095,2208,14055,124,8,128,2516
2019-7,Singapore,10992,-4.591615311,0.759080899,701,2800,1899,2088,1580,615,4442,5241,1309,9392,138,6,43,1413
2019-7,Mongolia,8766,-3.351708931,0.60535873,1666,1928,2372,1760,758,243,3857,4870,39,6941,78,233,740,774
2019-7,Uzbekistan,7405,5.831070459,0.511371366,555,2050,2306,1247,442,253,4949,1904,552,3444,600,1,336,3024
2019-7,Myanmar,5421,-14.07513077,0.374361131,105,1106,965,367,173,43,2307,452,2662,1657,12,114,72,3566
2019-7,*GCC,4638,15.92101975,0.320289047,1554,1064,849,621,377,130,2379,2216,43,4494,5,13,40,86
2019-7,Kazakhstan,4953,11.45364536,0.342042185,995,1349,1034,607,387,239,2001,2610,342,3612,11,4,81,1245
2019-7,Turkey,2962,10.39880731,0.204548546,202,532,514,378,151,57,1125,709,1128,1684,18,34,34,1192
2019-7,Cambodia,2565,2.313522138,0.177132688,283,1240,633,181,135,90,1652,910,3,961,56,141,51,1356
2019-7,Sri Lanka,1355,-11.14754098,0.093573018,54,496,468,121,42,18,1073,126,156,241,54,3,38,1019
2019-7,Bangladesh,1196,-12.25238445,0.082592863,65,326,347,162,88,21,867,142,187,221,135,119,72,649
2019-7,Pakistan,1087,-9.79253112,0.075065587,115,256,373,190,93,26,882,171,34,389,212,27,114,345
2019-7,Israel,1320,11.29848229,0.091156003,201,217,252,278,216,155,880,439,1,1274,8,4,4,30
2019-7,Iran,318,-54.82954545,0.02196031,43,42,110,59,35,13,215,87,16,178,57,11,26,46
2019-7,Asia others,5878,2.06633096,0.405920444,620,2007,1566,750,331,133,3925,1482,471,2541,471,163,229,2474
2019-7,USA,97428,7.929544699,6.728141723,23904,15300,13328,16637,14065,8381,47919,43696,5813,77224,359,3486,190,16169
2019-7,Canada,16103,7.339021464,1.112034181,3506,2979,2300,2643,2184,1169,7271,7510,1322,11868,36,37,51,4111
2019-7,Brazil,1979,22.84295469,0.136664947,282,463,426,284,160,97,905,807,267,1582,16,10,29,342
2019-7,Mexico,3253,11.59519726,0.224644302,598,903,488,395,290,137,1311,1500,442,2669,8,4,81,491
2019-7,America others,3494,17.92102599,0.241287178,516,935,727,446,300,177,1579,1522,393,2823,21,44,104,502
2019-7,Russia,28421,0.569709837,1.962685428,5628,5966,5151,3540,2292,1146,10755,12968,4698,21331,164,43,109,6774
2019-7,UK,10826,1.338575307,0.747617341,1878,2290,1871,1764,1583,750,6129,4007,690,9208,128,14,44,1432
2019-7,Germany,9675,6.306999231,0.668132068,1594,1740,1731,1658,1579,441,5781,2962,932,7953,211,29,109,1373
2019-7,France,10716,11.79968701,0.740021007,2300,2695,1738,1632,1138,380,5347,4536,833,9121,207,48,217,1123
2019-7,Italy,4388,14.89918827,0.303024653,337,716,811,893,625,188,2514,1056,818,3259,62,13,36,1018
2019-7,Netherland,4141,16.02689829,0.285967431,795,1072,468,606,592,180,2197,1516,428,3500,49,10,43,539
2019-7,Ukraine,2230,5.437352246,0.153998399,114,364,309,183,117,32,758,361,1111,813,100,5,31,1281
2019-7,Spain,3066,15.30650621,0.211730535,368,746,646,626,344,158,1657,1231,178,2709,18,20,35,284
2019-7,Romania,945,4.419889503,0.065259411,57,142,163,99,65,12,337,201,407,503,8,1,6,427
2019-7,Norway,1494,15.54524362,0.103172022,332,396,202,248,211,78,774,693,27,1398,19,4,18,55
2019-7,Sweden,1727,9.79020979,0.119262437,293,516,275,292,205,73,986,668,73,1558,19,6,13,131
2019-7,Poland,1954,3.167898627,0.134938508,231,408,349,255,117,56,763,653,538,1330,12,1,24,587
2019-7,Swiss,2029,22.59818731,0.140117826,460,532,272,285,306,123,1089,889,51,1921,13,4,15,76
2019-7,Portugal,957,-1.340206186,0.066088102,160,203,182,178,113,51,453,434,70,850,5,1,6,95
2019-7,Austria,1174,8.502772643,0.081073597,180,259,210,182,149,85,654,411,109,1000,6,0,17,151
2019-7,Finland,1013,6.29590766,0.069955327,119,197,122,117,81,20,368,288,357,622,8,0,14,369
2019-7,Belgium,1549,20.92115535,0.106970189,295,429,216,236,208,62,828,618,103,1374,15,1,13,146
2019-7,Croatia,455,4.118993135,0.031421198,13,73,89,72,39,18,256,48,151,289,3,0,2,161
2019-7,Greece,799,13.81766382,0.055177005,76,118,133,132,97,48,464,140,195,569,11,5,1,213
2019-7,Bulgaria,543,6.0546875,0.037498265,51,78,69,85,42,13,217,121,205,311,2,3,8,219
2019-7,Denmark,1507,24.64846981,0.10406977,312,423,162,247,207,68,802,617,88,1348,8,10,15,126
2019-7,Ireland,806,8.187919463,0.055660408,109,232,143,129,96,40,466,283,57,658,6,2,2,138
2019-7,Europe others,4106,24.34887947,0.283550416,537,1077,652,516,245,105,1769,1363,974,2858,36,47,57,1108
2019-7,Austrailia,11840,3.037159516,0.817641725,2220,2087,2012,2255,1658,1310,6091,5451,298,10403,79,40,40,1278
2019-7,New Zealand,2799,4.831460674,0.193292161,466,462,508,412,449,359,1400,1256,143,2176,14,5,5,599
2019-7,Oceania others,566,-1.393728223,0.039086589,62,131,108,84,82,30,290,207,69,464,4,9,8,81
2019-7,South Africa,933,-1.582278481,0.06443072,60,278,183,123,116,59,457,362,114,647,4,3,4,275
2019-7,Africa others,4423,7.694180667,0.305441668,328,1072,969,719,414,120,2567,1055,801,2364,719,94,190,1056
2019-7,Stateless,58,-3.333333333,0.00400534,6,9,7,9,10,4,27,18,13,40,0,0,1,17
2019-7,Overseas Korean,15587,-20.07486412,1.07640047,646,1183,1702,3842,4375,3839,6241,9346,0,0,0,0,0,15587
2019-8,China,578112,20.90852052,36.44407517,78339,160089,142873,76689,57236,46840,216737,345329,16046,451570,3625,388,44291,78238
2019-8,Japan,329652,4.643123562,20.78120203,73005,86736,44324,56869,40649,25113,113714,212982,2956,318985,2195,165,2957,5350
2019-8,Taiwan,109273,8.710964314,6.888550015,27979,20487,19175,22826,11041,6752,37471,70789,1013,106682,73,17,1088,1413
2019-8,Hong Kong,65958,4.039623326,4.157980305,17324,10910,9862,13538,8452,5022,23780,41328,850,64438,74,6,474,966
2019-8,Macao,6321,-1.542056075,0.398474689,1892,1247,1254,944,549,434,2174,4146,1,6258,3,0,49,11
2019-8,Phillipines,41817,37.28947109,2.636136063,1166,4750,5078,3102,1809,860,9660,7105,25052,13342,144,157,305,27869
2019-8,Indonesia,18210,15.28234996,1.147955083,1202,4007,2885,1896,1160,491,6701,4940,6569,8337,103,262,814,8694
2019-8,Thailand,32830,15.128349,2.06959722,2071,9056,7269,4133,2621,1754,9448,17456,5926,24857,50,318,423,7182
2019-8,Vietnam,43583,17.52190913,2.747464381,5706,10881,9670,5962,4391,1906,18868,19648,5067,28562,1020,245,4152,9604
2019-8,India,17001,60.23562677,1.071739943,503,2057,2938,1596,708,334,6465,1671,8865,3870,2850,114,341,9826
2019-8,Malaysia,20520,6.774898533,1.293577062,2717,5781,3784,2816,1941,1052,7695,10396,2429,16892,115,13,690,2810
2019-8,Singapore,13008,9.837034535,0.82002195,798,3102,2547,2282,1865,1117,5147,6564,1297,11003,206,8,367,1424
2019-8,Mongolia,9626,-7.602226915,0.606821287,1954,2418,2557,1647,757,241,4368,5206,52,5984,106,228,1762,1546
2019-8,Uzbekistan,7983,5.09478673,0.503246866,923,2441,2298,1127,446,229,5356,2108,519,2707,590,9,1379,3298
2019-8,Myanmar,5523,5.159939071,0.348168914,113,1221,1048,351,137,43,2348,565,2610,1373,9,80,212,3849
2019-8,*GCC,5285,23.85751113,0.333165437,1559,1524,1053,550,419,133,2627,2611,47,4922,15,19,178,151
2019-8,Kazakhstan,4948,7.917121047,0.311921019,971,1417,965,647,372,224,1969,2627,352,2810,14,20,611,1493
2019-8,Turkey,3015,-5.692837035,0.190065051,244,710,488,326,150,57,1087,888,1040,1625,17,45,212,1116
2019-8,Cambodia,2619,21.19389172,0.165101283,205,1178,815,173,110,138,1739,880,0,1008,51,137,158,1265
2019-8,Sri Lanka,1916,18.05298829,0.120784291,31,591,618,172,67,23,1320,182,414,401,47,7,84,1377
2019-8,Bangladesh,1868,20.51612903,0.11775838,98,611,604,212,101,33,1438,221,209,381,142,89,271,985
2019-8,Pakistan,1191,1.794871795,0.075080423,82,457,388,121,84,20,979,173,39,315,181,22,340,333
2019-8,Israel,1110,-7.883817427,0.069974198,155,255,163,235,166,133,708,399,3,1029,10,1,17,53
2019-8,Iran,526,-12.91390728,0.033158944,107,114,157,76,44,15,321,192,13,348,29,7,63,79
2019-8,Asia others,6449,25.17468944,0.406543785,748,2169,1731,774,374,140,4003,1933,513,2715,397,209,799,2329
2019-8,USA,86586,11.98541109,5.458365668,13912,16819,13577,13230,12918,9952,43314,37094,6178,62072,450,3224,1552,19288
2019-8,Canada,16700,13.71374098,1.052764958,2530,3744,2655,2403,2375,1341,7645,7403,1652,11304,43,34,175,5144
2019-8,Brazil,2188,23.5460192,0.137931121,241,475,490,298,155,139,1006,792,390,1587,21,13,98,469
2019-8,Mexico,2809,36.09496124,0.177078848,249,687,482,359,243,138,1133,1025,651,1862,11,12,235,689
2019-8,America others,4200,34.87475915,0.264767235,293,1041,839,463,337,242,1691,1524,985,2723,18,34,308,1117
2019-8,Russia,28700,24.7771836,1.809242772,4587,6150,5524,4148,2723,1445,10968,13609,4123,20964,133,39,592,6972
2019-8,UK,13116,17.82249371,0.826830251,1891,3266,2195,1860,1672,970,7029,4825,1262,9810,141,26,239,2900
2019-8,Germany,11159,11.47852148,0.703461327,1575,3039,1834,1485,1516,643,6301,3791,1067,8239,236,24,1027,1633
2019-8,France,12984,21.0968103,0.818508995,2656,4238,1882,1646,1229,465,6419,5697,868,9744,246,75,1420,1499
2019-8,Italy,5915,38.29787234,0.372880523,455,1088,1061,824,628,300,2650,1706,1559,3861,87,30,212,1725
2019-8,Netherland,3961,16.91263282,0.249700718,634,1074,482,565,492,203,2171,1279,511,2848,47,11,401,654
2019-8,Ukraine,2904,32.66331658,0.183067631,137,346,309,191,98,26,748,359,1797,711,63,5,64,2061
2019-8,Spain,4554,34.53471196,0.28708333,600,1121,1061,775,554,259,2431,1939,184,3926,29,18,253,328
2019-8,Romania,1432,54.64362851,0.090273019,67,187,182,158,83,25,415,287,730,638,10,3,32,749
2019-8,Norway,803,-18.31129196,0.050620974,97,236,129,136,117,54,479,290,34,584,36,3,116,64
2019-8,Sweden,1490,9.478324761,0.093929329,183,573,230,198,174,78,846,590,54,1114,35,2,219,120
2019-8,Poland,2326,18.79468846,0.146630616,243,558,416,305,131,74,903,824,599,1571,10,3,95,647
2019-8,Swiss,1664,18.26581379,0.104898257,205,601,256,227,224,114,970,657,37,1478,22,0,80,84
2019-8,Portugal,1342,29.78723404,0.084599436,235,272,202,208,164,59,570,570,202,1055,6,0,46,235
2019-8,Austria,1218,13.40782123,0.076782498,132,368,199,151,159,86,654,441,123,966,9,2,78,163
2019-8,Finland,1075,5.083088954,0.067767804,68,279,124,121,98,39,445,284,346,546,11,2,145,371
2019-8,Belgium,1305,27.0691334,0.082266962,182,336,239,213,163,76,723,486,96,995,17,4,112,177
2019-8,Croatia,614,49.02912621,0.038706448,6,47,57,75,50,15,197,53,364,223,11,0,6,374
2019-8,Greece,778,13.41107872,0.049044978,40,100,168,123,76,79,427,159,192,508,36,0,7,227
2019-8,Bulgaria,751,25.16666667,0.047342903,57,107,65,72,45,14,186,174,391,321,4,1,27,398
2019-8,Denmark,1045,4.291417166,0.06587661,75,425,132,170,122,42,569,397,79,728,13,10,162,132
2019-8,Ireland,932,15.92039801,0.05875311,66,281,202,134,91,45,548,271,113,579,9,3,20,321
2019-8,Europe others,4668,22.61623325,0.29426987,401,1170,686,521,272,200,1776,1474,1418,2668,38,20,382,1560
2019-8,Austrailia,13647,17.88027987,0.860304394,1111,1667,2045,2000,2080,4388,6992,6299,356,12019,95,42,108,1383
2019-8,New Zealand,3112,13.86754482,0.196179913,271,519,521,406,492,752,1628,1333,151,2436,21,10,11,634
2019-8,Oceania others,609,-0.163934426,0.038391249,104,136,149,94,36,24,304,239,66,519,1,6,9,74
2019-8,South Africa,1887,27.5862069,0.118956136,61,659,322,159,138,71,659,751,477,634,6,1,11,1235
2019-8,Africa others,4864,16.97931698,0.306625674,380,1219,1202,656,410,121,2702,1286,876,2081,593,165,841,1184
2019-8,Stateless,57,-24,0.00359327,2,16,4,10,13,5,29,21,7,36,1,0,8,12
2019-8,Overseas Korean,16560,-17.72246236,1.043939383,1019,1466,1757,3797,4571,3950,6938,9622,0,0,0,0,0,16560
2019-9,China,541350,24.56424947,37.08730228,23689,168939,153165,67744,63315,52249,198669,330432,12249,432018,3873,447,25545,79467
2019-9,Japan,251119,1.320169298,17.20389076,30541,76212,37803,40138,35970,27724,89993,158395,2731,242475,2362,211,1137,4934
2019-9,Taiwan,102758,17.63803505,7.039839305,9320,25344,25523,17754,13424,10400,33054,68711,993,100888,112,14,300,1444
2019-9,Hong Kong,45911,-7.528852545,3.145312894,1796,11432,9506,7831,8902,5696,14579,30584,748,44708,49,7,256,891
2019-9,Macao,2727,-10.14827018,0.186823817,122,990,804,349,299,163,768,1959,0,2687,2,0,24,14
2019-9,Phillipines,36252,8.451251982,2.483585263,1170,6381,6349,3638,2341,1547,11026,10400,14826,18539,203,196,121,17193
2019-9,Indonesia,19309,5.883965782,1.322838681,1240,4915,4081,2432,1606,864,8226,6912,4171,11858,149,317,279,6706
2019-9,Thailand,36052,5.114000816,2.46988348,1902,10416,8616,4384,3163,2184,10197,20468,5387,28877,54,411,133,6577
2019-9,Vietnam,43617,16.37096129,2.988153438,4875,11390,10032,5639,4774,2201,18567,20344,4706,28210,1064,530,5577,8236
2019-9,India,12716,11.61239358,0.87115939,340,2033,3118,1799,806,351,6847,1600,4269,4111,3152,146,186,5121
2019-9,Malaysia,28020,-2.072484535,1.919619858,2240,8957,6158,3624,3016,1960,10219,15736,2065,25123,166,5,251,2475
2019-9,Singapore,17745,15.63273817,1.215690734,2102,3584,3315,3029,2725,1722,7025,9452,1268,16137,137,13,63,1395
2019-9,Mongolia,10900,-1.801801802,0.746747197,1308,2297,3417,2361,1119,364,5208,5658,34,8120,122,315,1155,1188
2019-9,Uzbekistan,9056,13.78313859,0.620416753,952,2690,2730,1297,567,282,6445,2073,538,3093,853,1,1484,3625
2019-9,Myanmar,6534,18.60591759,0.447637264,148,1575,1225,436,217,79,3063,617,2854,1832,19,255,93,4335
2019-9,*GCC,2462,25.35641548,0.168668954,254,829,692,354,190,94,1579,834,49,2187,30,6,135,104
2019-9,Kazakhstan,4909,13.45042755,0.336310274,434,1437,1142,773,490,338,2121,2493,295,2956,17,2,179,1755
2019-9,Turkey,2802,19.43734015,0.191961986,79,494,625,331,160,64,1198,555,1049,1561,21,61,37,1122
2019-9,Cambodia,3629,82.45349422,0.24861886,415,1521,961,285,220,225,2371,1256,2,1794,49,170,32,1584
2019-9,Sri Lanka,2103,22.26744186,0.144074253,41,888,695,173,98,21,1760,156,187,351,81,8,22,1641
2019-9,Bangladesh,1880,18.68686869,0.128796764,57,716,593,206,110,32,1576,138,166,302,167,102,185,1124
2019-9,Pakistan,1459,9.78179082,0.09995451,57,593,463,182,105,22,1282,140,37,323,310,29,321,476
2019-9,Israel,1837,-6.035805627,0.125850881,125,456,323,323,268,327,1051,771,15,1779,11,1,3,43
2019-9,Iran,446,-21.47887324,0.030554977,31,86,156,83,57,23,268,168,10,281,63,8,42,52
2019-9,Asia others,7350,34.24657534,0.503540541,525,2549,1984,964,591,229,4834,2008,508,3328,567,315,299,2841
2019-9,USA,90819,15.21452313,6.221911344,6114,14244,15643,13913,17068,18204,45746,39440,5633,70634,421,2736,186,16842
2019-9,Canada,18213,16.25071807,1.247752908,1076,3465,3525,2498,3112,3070,8549,8197,1467,13449,50,39,31,4644
2019-9,Brazil,2498,46.2529274,0.171135275,124,508,723,424,225,187,1199,992,307,2029,23,17,36,393
2019-9,Mexico,3038,52.89380976,0.20813009,120,635,750,418,351,309,1362,1221,455,2506,3,12,27,490
2019-9,America others,4588,27.19711672,0.314318912,242,1012,1150,713,526,437,2152,1928,508,3756,18,73,77,664
2019-9,Russia,30266,29.40824354,2.073490886,2637,6754,6507,4197,2910,1798,11907,12896,5463,21349,175,36,155,8551
2019-9,UK,13325,23.91890635,0.912881321,561,3180,2852,2073,2269,1638,7924,4649,752,11473,156,28,13,1655
2019-9,Germany,12670,17.75092937,0.86800798,912,2913,2616,1998,1995,1277,7501,4210,959,10802,218,21,89,1540
2019-9,France,10242,28.92749245,0.701668329,532,2987,2330,1538,1152,887,5629,3797,816,8587,245,32,127,1251
2019-9,Italy,4513,0.691655511,0.309180743,159,760,1010,929,652,308,2690,1128,695,3550,81,17,26,839
2019-9,Netherland,3485,10.42458809,0.238753576,136,715,637,641,561,319,2053,956,476,2816,28,9,18,614
2019-9,Ukraine,2214,4.286387188,0.151678743,76,302,364,174,96,39,667,384,1163,715,80,5,26,1388
2019-9,Spain,3134,22.85378283,0.214706946,151,755,858,644,348,196,1747,1205,182,2764,27,14,30,299
2019-9,Romania,1179,12.60744986,0.080772013,42,207,200,136,87,45,408,309,462,675,12,5,4,483
2019-9,Norway,1054,0.094966762,0.072208399,83,263,199,210,163,118,677,359,18,962,30,2,20,40
2019-9,Sweden,2010,31.97636244,0.137702923,147,467,351,400,354,221,1179,761,70,1784,26,5,66,129
2019-9,Poland,2570,18.54243542,0.176067917,149,656,543,343,166,120,1060,917,593,1870,14,1,17,668
2019-9,Swiss,1923,15.35692861,0.131742648,122,504,358,324,338,239,1156,729,38,1795,20,7,11,90
2019-9,Portugal,1000,12.48593926,0.068508917,37,230,259,180,106,73,465,420,115,840,11,0,5,144
2019-9,Austria,1369,23.66757001,0.093788708,68,386,250,209,206,129,785,463,121,1186,7,3,7,166
2019-9,Finland,1264,6.576728499,0.086595271,43,193,193,240,166,78,591,322,351,878,8,4,7,367
2019-9,Belgium,1542,34.55497382,0.10564075,97,461,271,253,235,109,889,537,116,1300,15,9,20,198
2019-9,Croatia,494,-6.79245283,0.033843405,5,65,96,74,39,14,220,73,201,277,5,2,3,207
2019-9,Greece,1023,29.0037831,0.070084622,47,149,226,135,133,87,578,199,246,717,29,1,2,274
2019-9,Bulgaria,633,8.205128205,0.043366145,19,93,114,106,68,13,277,136,220,370,3,19,5,236
2019-9,Denmark,1244,19.0430622,0.085225093,110,255,217,257,226,107,764,408,72,1101,12,11,8,112
2019-9,Ireland,1176,48.67256637,0.080566487,31,323,298,210,158,96,739,377,60,1007,5,4,3,157
2019-9,Europe others,4421,25.41843972,0.302877923,178,1016,967,637,335,183,2011,1305,1105,3042,48,56,46,1229
2019-9,Austrailia,17269,12.79555846,1.18308049,2480,2243,2913,3062,2666,3569,8830,8103,336,15818,83,51,10,1307
2019-9,New Zealand,4035,22.98079854,0.276433481,547,645,736,567,694,718,2083,1824,128,3393,26,9,1,606
2019-9,Oceania others,526,-6.071428571,0.03603569,44,95,132,95,49,17,246,186,94,413,0,9,3,101
2019-9,South Africa,1197,14.32664756,0.082005174,34,371,265,143,132,67,505,507,185,743,8,11,7,428
2019-9,Africa others,5119,38.3139692,0.350697147,173,1068,1305,885,528,136,3065,1030,1024,2249,1145,85,297,1343
2019-9,Stateless,49,-20.96774194,0.003356937,2,7,12,10,7,7,31,14,4,33,3,0,5,8
2019-9,Overseas Korean,16619,-14.94882293,1.138549694,289,1322,1743,3211,5033,5021,6868,9751,0,0,0,0,0,16619
2019-10,China,567695,19.43754247,34.27706279,24779,174516,152825,69650,69340,62401,204531,348980,14184,476460,3967,547,12722,73999
2019-10,Japan,248541,-14.43429225,15.00674739,21039,69133,39807,43944,38912,33177,86539,159473,2529,241484,1897,438,556,4166
2019-10,Taiwan,127944,27.97983435,7.725177289,9945,29979,32220,22929,18315,13589,38540,88437,967,126421,81,10,135,1297
2019-10,Hong Kong,65544,6.622419599,3.957505004,3114,14214,12619,10989,14106,9665,20105,44602,837,64439,63,4,76,962
2019-10,Macao,4504,23.12739202,0.271948653,154,1430,1139,581,670,529,1170,3333,1,4484,2,0,8,10
2019-10,Phillipines,55394,6.494155644,3.344654464,4612,9893,9583,6846,4924,3176,16190,22844,16360,37353,195,220,55,17571
2019-10,Indonesia,28494,14.29144439,1.720449585,2104,6648,5455,3663,2767,1609,8973,13273,6248,20527,137,285,84,7461
2019-10,Thailand,65878,9.904739661,3.977671711,7701,17641,16211,9230,5657,3620,18890,41170,5818,58290,56,344,59,7129
2019-10,Vietnam,64820,17.04586493,3.913790345,4460,16249,15804,9181,8616,5157,24190,35277,5353,53659,1226,630,1604,7701
2019-10,India,13160,3.760939841,0.794592424,440,2019,2801,1646,752,322,6346,1634,5180,4403,2692,85,84,5896
2019-10,Malaysia,45354,11.27631385,2.738445654,3914,12792,9694,6361,6126,4213,15410,27690,2254,42624,160,13,49,2508
2019-10,Singapore,24719,13.45756644,1.492517487,1996,5083,4862,4263,4011,3206,9256,14165,1298,23070,199,8,37,1405
2019-10,Mongolia,11221,4.585702302,0.677516838,1254,1710,3539,2835,1378,451,5038,6129,54,9834,84,421,271,611
2019-10,Uzbekistan,8375,-1.039820395,0.50567717,380,2234,2785,1489,530,354,5870,1902,603,3668,968,1,191,3547
2019-10,Myanmar,5876,-3.402926188,0.35478914,94,1083,1004,478,220,94,2237,736,2903,1935,18,214,22,3687
2019-10,*GCC,2429,1.546822742,0.146661474,237,661,671,403,264,135,1469,902,58,2237,25,18,55,94
2019-10,Kazakhstan,4776,0.167785235,0.28837184,587,1211,1118,720,479,361,2016,2460,300,3348,10,10,30,1378
2019-10,Turkey,2893,11.56961049,0.174677499,73,456,632,421,133,75,1222,568,1103,1649,11,56,14,1163
2019-10,Cambodia,3339,5.198487713,0.201606695,204,1606,955,248,178,145,2257,1079,3,1471,64,161,12,1631
2019-10,Sri Lanka,1449,-16.81974742,0.087489698,35,411,457,168,107,28,1080,126,243,467,82,5,7,888
2019-10,Bangladesh,1715,10.14771997,0.103550608,41,372,470,252,100,30,1121,144,450,337,179,197,46,956
2019-10,Pakistan,1010,-17.21311475,0.060983157,51,238,337,199,87,31,834,109,67,382,258,17,64,289
2019-10,Israel,2820,58.96279594,0.170269805,204,445,389,412,438,890,1534,1244,42,2729,12,5,3,71
2019-10,Iran,501,4.158004158,0.030250061,24,82,194,105,50,21,340,136,25,334,87,21,10,49
2019-10,Asia others,6841,7.276148659,0.413055226,393,2120,2018,1033,552,239,4551,1804,486,3491,626,410,104,2210
2019-10,USA,101099,3.053933111,6.104293275,6219,13894,16454,14595,19557,24512,50361,44870,5868,82230,421,2240,157,16051
2019-10,Canada,20624,2.164759499,1.245263994,1059,3369,3594,2608,3705,4531,9371,9495,1758,15841,37,33,26,4687
2019-10,Brazil,2452,24.27774962,0.148050199,131,488,594,295,270,248,1097,929,426,1896,16,13,15,512
2019-10,Mexico,2878,7.42814483,0.173771808,120,602,707,386,322,276,1330,1083,465,2355,5,9,24,485
2019-10,America others,4669,15.0283321,0.281911248,156,923,1067,642,439,391,1986,1632,1051,3413,18,60,28,1150
2019-10,Russia,33379,18.56285298,2.015402776,3637,6779,7505,5090,3380,1958,13768,14581,5030,25818,166,50,48,7297
2019-10,UK,15911,15.18859046,0.960696053,793,3367,3277,2396,2828,2429,9456,5634,821,14117,150,14,20,1610
2019-10,Germany,13322,5.437277404,0.804373881,1125,2338,2834,2273,2289,1396,8039,4216,1067,11460,207,28,158,1469
2019-10,France,12546,16.02700453,0.757519495,1319,2912,2488,2118,1533,1278,6885,4763,898,10681,232,38,201,1394
2019-10,Italy,4951,0.344548034,0.298938229,135,736,1082,1013,695,367,2907,1121,923,3781,66,16,45,1043
2019-10,Netherland,4043,8.770513855,0.244113767,232,830,698,695,701,382,2383,1155,505,3318,28,8,61,628
2019-10,Ukraine,2371,-10.35916824,0.143159471,84,320,390,218,135,38,793,392,1186,795,179,11,4,1382
2019-10,Spain,3140,6.875425459,0.189591202,152,634,846,674,404,254,1823,1141,176,2777,35,10,49,269
2019-10,Romania,1295,-0.461183705,0.078191276,28,158,267,142,79,16,445,245,605,655,5,15,1,619
2019-10,Norway,1218,-7.517084282,0.073542065,55,232,272,247,246,137,825,364,29,1108,24,4,9,73
2019-10,Sweden,2303,0.699606471,0.139053674,253,454,413,465,408,245,1336,902,65,2110,23,5,30,135
2019-10,Poland,2326,8.742402992,0.1404424,85,425,563,309,156,94,989,643,694,1549,14,6,9,748
2019-10,Swiss,2137,7.874810702,0.1290307,229,395,398,408,357,301,1285,803,49,1973,20,3,10,131
2019-10,Portugal,1113,3.824626866,0.067202232,47,259,279,189,161,92,476,551,86,973,3,0,13,124
2019-10,Austria,1461,13.25581395,0.08821425,69,248,297,264,265,192,889,446,126,1181,3,3,21,253
2019-10,Finland,1473,10.66867017,0.088938802,105,232,214,258,183,117,624,485,364,1065,11,2,14,381
2019-10,Belgium,1505,7.5768406,0.090870942,69,346,304,243,223,199,892,492,121,1281,17,3,23,181
2019-10,Croatia,498,-28.34532374,0.030068923,5,60,91,69,45,20,233,57,208,273,2,2,0,221
2019-10,Greece,1014,12.41685144,0.061224675,24,123,240,173,109,68,591,146,277,695,21,2,0,296
2019-10,Bulgaria,655,12.15753425,0.039548483,14,70,84,98,77,64,244,163,248,394,2,3,1,255
2019-10,Denmark,1802,21.51045179,0.108803613,213,393,257,343,337,174,1089,628,85,1559,12,5,39,187
2019-10,Ireland,1394,50.21551724,0.084168833,42,420,349,217,169,131,901,427,66,1198,11,1,4,180
2019-10,Europe others,4868,21.15480338,0.293926742,218,971,1006,788,432,282,2193,1504,1171,3434,73,32,28,1301
2019-10,Austrailia,16251,9.015898571,0.981225037,1575,2309,2859,2789,2582,3365,8068,7411,772,14247,90,37,13,1864
2019-10,New Zealand,3728,15.31085679,0.225094267,314,668,714,516,695,674,1955,1626,147,3111,19,16,0,582
2019-10,Oceania others,396,-22.04724409,0.023910228,14,56,78,53,46,21,160,108,128,234,0,26,0,136
2019-10,South Africa,1175,12.33269598,0.070945752,28,307,255,174,128,74,569,397,209,771,9,16,0,379
2019-10,Africa others,4927,10.61966771,0.297489124,148,882,1224,857,456,109,2878,798,1251,2162,1050,113,65,1537
2019-10,Stateless,40,-36.50793651,0.002415175,0,4,7,10,6,4,21,10,9,25,2,0,0,13
2019-10,Overseas Korean,17939,-26.83334693,1.083145403,229,1214,1666,3292,5467,6071,7381,10558,0,0,0,0,0,17939
2019-11,China,505369,25.01212103,34.69918547,14962,148112,144075,67501,62593,56118,183200,310161,12008,426849,4020,545,12822,61133
2019-11,Japan,258522,-13.81968011,17.75040184,23199,75891,42231,45536,40711,28476,88718,167326,2478,251663,1876,187,813,3983
2019-11,Taiwan,102241,15.9655192,7.019978317,6867,23690,26577,18511,14527,11058,30560,70670,1011,100595,89,11,225,1321
2019-11,Hong Kong,58600,8.942182562,4.023539767,2501,12518,11278,10299,12493,8768,17997,39860,743,57442,76,5,208,869
2019-11,Macao,4896,21.12815438,0.336164688,136,1457,1369,704,768,462,1330,3566,0,4871,1,0,13,11
2019-11,Phillipines,41739,-6.005945143,2.86584516,2470,8292,7594,4754,3310,2030,12686,15764,13289,26966,172,203,59,14339
2019-11,Indonesia,23760,-1.720714758,1.631387455,1737,5505,4939,3552,2528,1322,8548,11035,4177,18189,142,407,109,4913
2019-11,Thailand,49998,6.421744961,3.432917087,3333,13551,12452,7063,5044,2920,14185,30178,5635,43160,46,404,94,6294
2019-11,Vietnam,43190,6.45534988,2.965472399,4109,10903,10495,5786,4611,2197,16549,21552,5089,31444,1334,632,3116,6664
2019-11,India,12184,18.90309359,0.836566698,358,2215,3108,1868,727,272,7083,1465,3636,4149,3386,115,100,4434
2019-11,Malaysia,49282,7.814482608,3.383755748,8438,10922,10514,8045,5645,3517,18196,28885,2201,46613,124,8,70,2467
2019-11,Singapore,27546,6.023632655,1.891338335,5672,4139,4785,5586,3538,2501,11214,15007,1325,25865,162,6,88,1425
2019-11,Mongolia,10519,11.14750634,0.722245987,1001,1773,3390,2554,1302,472,4820,5672,27,9020,73,425,408,593
2019-11,Uzbekistan,7176,0.476057127,0.492711969,363,1956,2418,1233,397,227,5018,1576,582,3384,709,1,295,2787
2019-11,Myanmar,5660,6.671692424,0.388621759,111,1048,943,459,213,83,2211,646,2803,1752,15,180,39,3674
2019-11,*GCC,2575,29.65760322,0.176802302,237,801,755,382,261,101,1712,825,38,2404,25,12,65,69
2019-11,Kazakhstan,3697,4.494064443,0.253840043,332,1005,879,559,362,286,1552,1871,274,2541,8,5,37,1106
2019-11,Turkey,2881,33.50324374,0.197812595,81,431,590,438,203,79,1278,544,1059,1664,15,56,32,1114
2019-11,Cambodia,3555,44.2775974,0.244090168,414,1162,1100,428,254,197,2036,1519,0,2357,46,334,24,794
2019-11,Sri Lanka,1070,2.392344498,0.073467364,22,280,355,120,66,28,764,107,199,308,73,1,6,682
2019-11,Bangladesh,1286,1.25984252,0.088298159,66,319,359,169,75,24,898,114,274,270,163,112,66,675
2019-11,Pakistan,1011,-0.39408867,0.06941636,39,243,358,185,90,21,819,117,75,361,224,23,79,324
2019-11,Israel,1427,16.11065907,0.097979373,29,161,267,321,209,420,966,441,20,1369,7,2,3,46
2019-11,Iran,402,75.54585153,0.027601757,61,80,122,54,48,14,272,107,23,279,49,4,26,44
2019-11,Asia others,6576,11.6089613,0.451515316,364,2221,1965,945,470,167,4412,1720,444,3023,527,369,82,2575
2019-11,USA,82238,5.601212183,5.64655057,7004,12397,14887,13745,15136,13968,43218,33919,5101,65116,349,2519,402,13852
2019-11,Canada,16862,10.89773101,1.157763269,801,2878,3051,2355,3138,3561,8158,7626,1078,13236,45,30,59,3492
2019-11,Brazil,1916,20.20075282,0.131554645,106,420,476,302,162,150,957,659,300,1504,16,12,13,371
2019-11,Mexico,2408,12.20876048,0.1653359,96,571,594,310,237,164,1068,904,436,1835,5,7,84,477
2019-11,America others,3282,11.70864534,0.225345691,147,785,833,495,311,254,1637,1188,457,2640,5,40,61,536
2019-11,Russia,26708,14.23438837,1.833800343,2163,5314,5821,4170,2889,1573,11294,10636,4778,19717,199,37,87,6668
2019-11,UK,11542,14.65183272,0.79248628,412,2183,2293,1946,2143,1805,7034,3748,760,9931,123,15,40,1433
2019-11,Germany,9819,3.816874604,0.674183225,374,1905,2079,1945,1876,756,6689,2246,884,7750,227,38,391,1413
2019-11,France,8111,5.777256129,0.556910086,630,2100,1685,1451,1082,533,4828,2653,630,6369,225,55,490,972
2019-11,Italy,4422,1.889400922,0.303619332,94,724,985,1104,690,269,2872,994,556,3547,80,17,103,675
2019-11,Netherland,3188,2.607016415,0.218891549,142,720,499,525,582,219,1872,815,501,2339,26,9,184,630
2019-11,Ukraine,2146,-9.604043808,0.147346695,46,288,331,180,114,30,678,311,1157,712,91,3,11,1329
2019-11,Spain,2610,5.241935484,0.17920544,91,627,702,569,331,142,1605,857,148,2211,26,14,121,238
2019-11,Romania,1040,12.92073833,0.071407532,10,130,242,162,81,25,457,193,390,607,5,6,4,418
2019-11,Norway,837,-23.28139322,0.057469331,20,164,163,199,167,96,576,233,28,656,27,2,29,123
2019-11,Sweden,1600,3.492884864,0.109857741,73,429,286,316,291,153,995,553,52,1354,26,7,93,120
2019-11,Poland,2019,5.541035024,0.138626737,75,402,490,302,113,42,935,489,595,1333,10,1,28,647
2019-11,Swiss,1172,-1.677852349,0.080470795,35,289,223,183,260,139,787,342,43,1037,23,1,40,71
2019-11,Portugal,976,16.74641148,0.067013222,47,204,233,192,141,79,477,419,80,853,5,0,15,103
2019-11,Austria,1113,8.69140625,0.076419791,30,193,216,244,191,112,734,252,127,902,7,6,30,168
2019-11,Finland,1206,10.23765996,0.082805272,19,193,181,203,181,89,573,293,340,801,8,1,48,348
2019-11,Belgium,1205,19.66236346,0.082736611,49,317,210,220,212,91,776,323,106,941,24,3,76,161
2019-11,Croatia,543,14.55696203,0.037282971,6,74,74,87,52,17,249,61,233,294,7,1,5,236
2019-11,Greece,891,15.11627907,0.06117703,10,121,197,159,96,54,528,109,254,609,16,3,0,263
2019-11,Bulgaria,471,1.072961373,0.032339373,26,73,73,64,42,19,201,96,174,275,4,5,3,184
2019-11,Denmark,1120,23.21232123,0.076900419,63,314,150,224,195,101,727,320,73,907,11,11,59,132
2019-11,Ireland,768,10.66282421,0.052731716,27,206,163,150,105,61,494,218,56,632,4,2,4,126
2019-11,Europe others,4053,25.09259259,0.27828339,121,847,865,669,366,243,1953,1158,942,2799,50,27,58,1119
2019-11,Austrailia,13346,13.96123303,0.916350883,1590,2478,2250,2236,2008,2245,6666,6141,539,11750,89,59,36,1412
2019-11,New Zealand,3365,18.48591549,0.231044562,418,738,590,480,495,480,1744,1457,164,2765,23,8,5,564
2019-11,Oceania others,285,-53.95799677,0.01956841,33,47,64,47,34,14,147,92,46,207,1,14,3,60
2019-11,South Africa,698,-0.285714286,0.04792544,16,166,135,118,82,34,337,214,147,440,4,3,1,250
2019-11,Africa others,4043,28.88109659,0.27759678,178,830,972,671,407,130,2456,732,855,1873,903,112,106,1049
2019-11,Stateless,31,-56.94444444,0.002128494,1,6,4,6,8,3,19,9,3,23,2,0,0,6
2019-11,Overseas Korean,15233,-25.532851,1.045914356,286,1193,1593,2978,4458,4725,6299,8934,0,0,0,0,0,15233
2019-12,China,508877,22.24421602,34.92904053,16888,145040,155791,64790,56601,56174,179833,315451,13593,433577,3951,682,13284,57383
2019-12,Japan,255356,-1.224271916,17.52749697,25870,75859,40795,45699,40105,24821,89354,163795,2207,248793,1738,166,769,3890
2019-12,Taiwan,90379,3.517432538,6.203565408,7666,22938,25056,17000,10105,6832,28975,60622,782,88881,79,13,267,1139
2019-12,Hong Kong,71751,20.49675881,4.924949619,13151,15659,13034,13711,9852,5614,26567,44454,730,70638,49,3,185,876
2019-12,Macao,8342,22.26293419,0.572590343,1967,1791,2070,1231,748,534,2860,5481,1,8316,2,0,9,15
2019-12,Phillipines,43281,1.479484174,2.970784302,5124,7024,7031,5705,3374,1837,14717,15378,13186,28484,117,106,69,14505
2019-12,Indonesia,29716,13.90241098,2.039690079,6299,5493,4864,4557,2561,1391,12334,12831,4551,23216,126,216,117,6041
2019-12,Thailand,55850,3.376152223,3.833513626,6044,14523,13405,8512,5058,3199,17538,33203,5109,49231,53,224,119,6223
2019-12,Vietnam,30721,2.938614127,2.108672733,3989,8399,6785,3316,2070,1021,11675,13905,5141,18158,1136,295,4005,7127
2019-12,India,10208,20.9478673,0.700671568,299,1637,2393,1471,740,302,5616,1226,3366,3697,2183,88,100,4140
2019-12,Malaysia,57764,3.77077158,3.964889545,16179,9050,9494,11490,6354,3237,23790,32014,1960,55329,119,3,89,2224
2019-12,Singapore,42216,4.327196343,2.897683281,12032,7147,5434,8774,5054,2581,18570,22452,1194,40707,112,13,76,1308
2019-12,Mongolia,10042,22.43355279,0.689277419,1667,1540,2756,2285,1192,571,4492,5519,31,8531,65,299,535,612
2019-12,Uzbekistan,5461,-0.943225104,0.37484007,288,1461,1669,996,376,197,3725,1262,474,2341,532,7,252,2329
2019-12,Myanmar,6900,25.6372906,0.473612247,128,1496,1273,424,185,57,2972,591,3337,1964,8,40,70,4818
2019-12,*GCC,2459,4.150783566,0.168784423,516,605,639,366,217,85,1369,1059,31,2293,34,17,43,72
2019-12,Kazakhstan,3388,9.044093981,0.232550477,459,844,683,558,314,220,1352,1726,310,2415,8,2,57,906
2019-12,Turkey,2505,31.28930818,0.171941838,40,367,515,329,165,33,1123,326,1056,1322,13,37,26,1107
2019-12,Cambodia,3822,41.87082405,0.262340001,442,1817,979,257,165,112,2309,1463,50,1796,37,73,36,1880
2019-12,Sri Lanka,1313,21.57407407,0.090123606,14,482,451,143,33,16,1063,76,174,211,47,2,7,1046
2019-12,Bangladesh,1597,31.33223684,0.109617211,45,478,483,209,100,28,1224,119,254,289,148,94,52,1014
2019-12,Pakistan,1159,21.61594963,0.07955313,39,276,405,208,117,52,974,123,62,404,166,20,81,488
2019-12,Israel,839,-4.767309875,0.057588504,44,108,162,196,137,189,604,232,3,788,9,2,5,35
2019-12,Iran,253,18.22429907,0.017365782,7,37,89,44,35,21,155,78,20,114,69,5,20,45
2019-12,Asia others,6468,6.627101879,0.443960002,740,2171,1739,783,413,205,4017,2034,417,3273,390,142,211,2452
2019-12,USA,77387,8.960477592,5.311801594,10421,15399,13676,11967,12336,8974,40446,32327,4614,58743,365,3436,355,14488
2019-12,Canada,15292,8.584818576,1.049634564,1670,3255,2910,2182,2367,1911,7318,6977,997,11377,38,30,49,3798
2019-12,Brazil,1933,36.70438472,0.132680069,234,503,437,294,131,68,858,809,266,1561,13,8,22,329
2019-12,Mexico,2382,28.13340506,0.163499185,224,652,458,257,236,123,1007,943,432,1852,6,1,62,461
2019-12,America others,2490,17.67485822,0.170912246,247,644,627,326,206,109,1111,1048,331,1969,9,28,49,435
2019-12,Russia,26570,15.48157163,1.82375035,2625,4401,5775,4011,2773,1517,10830,10272,5468,18951,172,22,107,7318
2019-12,UK,8735,12.17413638,0.59956565,758,1713,1825,1563,1365,919,5162,2981,592,7356,103,16,47,1213
2019-12,Germany,7304,10.09948749,0.501342588,532,1570,1503,1131,1303,447,4455,2031,818,5714,139,21,265,1165
2019-12,France,6752,16.13347093,0.463453608,580,1898,1359,1126,885,354,3874,2328,550,5202,203,34,426,887
2019-12,Italy,3084,18.47867845,0.211684083,155,479,615,642,408,183,1784,698,602,2299,52,9,39,685
2019-12,Netherland,2459,6.45021645,0.168784423,210,564,328,380,376,154,1365,647,447,1802,23,8,100,526
2019-12,Ukraine,2180,18.0292366,0.149634014,56,277,234,172,108,43,600,290,1290,600,60,3,8,1509
2019-12,Spain,1733,17.41192412,0.118952178,116,412,449,310,217,89,1011,582,140,1425,12,17,68,211
2019-12,Romania,774,8.707865169,0.053126939,18,70,135,74,61,11,241,128,405,349,8,1,3,413
2019-12,Norway,663,-11.00671141,0.045507959,61,174,116,126,114,56,434,213,16,557,22,1,30,53
2019-12,Sweden,1290,6.965174129,0.088544898,105,370,236,233,210,89,789,454,47,1105,18,9,62,96
2019-12,Poland,1407,8.900928793,0.096575715,67,244,270,184,66,39,548,322,537,789,12,0,21,585
2019-12,Swiss,1014,22.02166065,0.069600409,110,284,180,151,175,72,656,316,42,896,14,4,18,82
2019-12,Portugal,1003,6.929637527,0.068845375,120,212,215,201,112,71,421,510,72,901,2,0,13,87
2019-12,Austria,781,25.3611557,0.053607415,33,205,165,123,108,36,457,213,111,611,2,2,26,140
2019-12,Finland,1065,-1.388888889,0.073101021,66,231,162,127,114,41,445,296,324,697,7,0,28,333
2019-12,Belgium,754,-1.566579634,0.05175415,44,185,147,140,120,36,474,198,82,570,11,3,29,141
2019-12,Croatia,381,-16.44736842,0.026151633,6,34,58,45,29,16,159,29,193,181,3,1,1,195
2019-12,Greece,754,15.46707504,0.05175415,12,91,157,122,82,51,434,81,239,476,18,0,1,259
2019-12,Bulgaria,442,23.46368715,0.03033864,6,40,35,57,34,15,130,57,255,173,1,3,4,261
2019-12,Denmark,782,16.36904762,0.053676055,66,190,109,155,151,48,478,241,63,583,11,5,25,158
2019-12,Ireland,645,25.48638132,0.044272449,43,113,160,142,106,44,421,187,37,487,7,3,2,146
2019-12,Europe others,2941,17.45207668,0.201868641,147,599,540,354,227,123,1168,822,951,1802,34,13,51,1041
2019-12,Austrailia,19289,12.31512752,1.32398647,4767,4100,2985,3432,2413,1277,9626,9348,315,17818,67,25,42,1337
2019-12,New Zealand,4355,27.4882904,0.298924832,850,1004,750,575,581,337,2203,1894,258,3595,14,10,3,733
2019-12,Oceania others,252,-35.05154639,0.017297143,14,46,33,31,30,14,89,79,84,154,2,4,0,92
2019-12,South Africa,922,8.089097304,0.063285579,60,305,200,88,119,46,422,396,104,665,3,0,3,251
2019-12,Africa others,3078,13.74722838,0.211272246,100,687,758,492,235,90,1814,548,716,1273,644,66,93,1002
2019-12,Stateless,47,-38.96103896,0.003226054,3,6,8,7,8,5,18,19,10,36,1,0,0,10
2019-12,Overseas Korean,5281,-71.96623845,0.362484968,88,370,554,1010,1589,1670,2145,3136,0,0,0,0,0,5281
2020-1,China,481681,22.62317535,37.8469374,43778,125168,147332,60428,47771,44915,179530,289862,12289,393336,2813,99,10433,75000
2020-1,Japan,203969,-1.238100772,16.0263784,14045,63536,35205,35559,32903,20294,71921,129621,2427,194840,2804,141,1035,5149
2020-1,Taiwan,110354,25.4678582,8.670802729,21543,21735,21010,24151,13315,7802,41404,68152,798,108623,95,20,285,1331
2020-1,Hong Kong,66962,86.54446178,5.261379672,11733,14075,10513,13418,10302,6185,26637,39589,736,65837,51,8,171,895
2020-1,Macao,5347,108.0544747,0.420127791,1095,1242,1182,858,529,441,2038,3309,0,5312,4,0,14,17
2020-1,Phillipines,30702,0.751484921,2.41233653,1423,4597,6498,3627,2042,1042,10881,8348,11473,15002,155,169,211,15165
2020-1,Indonesia,19443,3.189682624,1.527687419,2430,4406,3971,3003,1811,753,7728,8646,3069,14336,98,46,231,4732
2020-1,Thailand,38466,-6.938597765,3.022374339,2957,8331,9914,5976,3527,2386,11949,21142,5375,31232,44,110,126,6954
2020-1,Vietnam,30232,49.78942675,2.375407399,4366,7083,6261,3730,1955,954,11277,13072,5883,18058,747,54,3122,8251
2020-1,India,9249,6.66589782,0.726718147,274,1309,2303,1244,458,147,4807,928,3514,2391,2094,56,166,4542
2020-1,Malaysia,27549,24.85384092,2.164597064,4022,6942,5627,3733,3177,1715,11058,14158,2333,24541,101,1,139,2767
2020-1,Singapore,10738,8.959918823,0.843712776,773,2202,2279,1820,1454,919,4454,4993,1291,9157,80,7,54,1440
2020-1,Mongolia,12323,25.93765968,0.968250376,1487,2045,3962,2899,1373,532,5890,6408,25,10081,83,359,840,960
2020-1,Uzbekistan,6135,6.621480709,0.482043014,171,1733,2050,1058,413,226,4095,1556,484,2025,474,7,625,3004
2020-1,Myanmar,5654,6.901115523,0.444249584,20,1158,1264,397,121,15,2675,300,2679,1273,9,47,98,4227
2020-1,*GCC,2158,21.50900901,0.16955971,426,583,534,299,176,98,1154,962,42,1812,51,5,111,179
2020-1,Kazakhstan,4325,21.01287073,0.339826575,451,1208,986,699,418,282,1875,2169,281,2815,21,5,130,1354
2020-1,Turkey,2208,23.69747899,0.173488341,68,303,334,248,98,33,786,298,1124,952,20,8,33,1195
2020-1,Cambodia,4257,57.95918367,0.334483636,411,1485,1360,389,251,195,2487,1604,166,2302,35,151,53,1716
2020-1,Sri Lanka,1377,6.993006993,0.108194496,11,398,566,158,12,7,1076,76,225,119,26,2,27,1203
2020-1,Bangladesh,1299,4.170008019,0.102065831,63,344,488,148,34,13,966,124,209,189,110,19,95,886
2020-1,Pakistan,1014,-1.744186047,0.079672635,54,298,374,141,80,21,842,126,46,229,166,23,181,415
2020-1,Israel,803,-0.248447205,0.063093813,59,109,154,194,111,160,564,223,16,723,13,2,5,60
2020-1,Iran,176,-4.347826087,0.013828781,6,22,69,35,18,6,106,50,20,57,44,1,20,54
2020-1,Asia others,4808,5.577514273,0.377777149,219,1702,1552,562,230,101,3237,1129,442,1566,352,80,290,2520
2020-1,USA,67255,7.201491943,5.28440145,6319,11594,12089,9910,11312,9657,33394,27487,6374,43866,495,3712,286,18896
2020-1,Canada,13809,10.82664526,1.085009287,1175,2289,2745,2010,2280,1879,6308,6070,1431,8793,52,33,41,4890
2020-1,Brazil,1801,12.21183801,0.141509286,210,453,396,245,121,67,776,716,309,1310,15,13,35,428
2020-1,Mexico,2113,14.03130059,0.166023943,142,512,449,241,175,92,905,706,502,1478,7,15,65,548
2020-1,America others,2514,10.94439541,0.197531563,215,706,681,302,199,95,1062,1136,316,1890,11,45,116,452
2020-1,Russia,28891,14.67412876,2.270041518,3211,4978,6418,4629,3010,1725,11816,12155,4920,20746,192,42,139,7772
2020-1,UK,9117,-10.15963737,0.716346562,710,1865,1906,1469,1467,1028,5166,3279,672,6811,186,22,72,2026
2020-1,Germany,6617,-3.401459854,0.519915016,425,1162,1301,1071,1189,508,3985,1671,961,4648,239,34,205,1491
2020-1,France,5982,7.319698601,0.470021403,472,1703,1160,974,722,314,3284,2061,637,3951,303,53,392,1283
2020-1,Italy,2880,5.455876968,0.226289141,138,412,615,615,431,184,1681,714,485,2006,138,26,55,655
2020-1,Netherland,2556,12.64874394,0.200831613,123,441,367,339,346,183,1269,530,757,1560,30,9,69,888
2020-1,Ukraine,1955,-13.57206012,0.153609469,30,260,253,135,78,36,573,219,1163,493,78,8,33,1343
2020-1,Spain,1560,14.03508772,0.122573285,100,357,395,335,138,78,899,504,157,1121,42,26,65,306
2020-1,Romania,856,-1.834862385,0.067258161,10,84,152,88,73,21,313,115,428,372,17,7,10,450
2020-1,Norway,543,-32.20973783,0.042664932,23,115,116,84,119,69,379,147,17,437,29,6,23,48
2020-1,Sweden,847,-13.74745418,0.066551008,62,182,199,155,136,83,536,281,30,696,33,5,12,101
2020-1,Poland,1558,17.67371601,0.122416139,45,183,275,199,84,41,579,248,731,734,18,4,23,779
2020-1,Swiss,762,2.008032129,0.059872335,48,216,136,107,134,83,467,257,38,614,25,4,20,99
2020-1,Portugal,720,27.65957447,0.056572285,70,168,129,141,79,64,302,349,69,614,5,0,10,91
2020-1,Austria,690,-11.08247423,0.054215107,29,117,149,96,104,59,403,151,136,457,13,3,15,202
2020-1,Finland,885,3.02677532,0.069536767,35,123,89,120,102,41,339,171,375,465,11,1,20,388
2020-1,Belgium,722,1.833568406,0.05672943,52,168,123,102,103,52,429,171,122,471,27,3,23,198
2020-1,Croatia,467,-4.887983707,0.036693413,22,37,60,67,46,20,213,39,215,223,6,3,2,233
2020-1,Greece,623,-19.61290323,0.048950741,11,60,130,124,71,56,405,47,171,379,37,8,0,199
2020-1,Bulgaria,351,-18.56148492,0.027578989,4,47,25,39,31,17,111,52,188,132,4,2,13,200
2020-1,Denmark,665,-11.45139814,0.052250791,39,132,109,131,122,53,430,156,79,484,19,18,15,129
2020-1,Ireland,715,20.16806723,0.056179422,20,176,203,119,86,42,433,213,69,471,10,3,6,225
2020-1,Europe others,3219,8.566610455,0.252925259,198,548,578,405,290,158,1272,905,1042,1925,19,14,82,1179
2020-1,Austrailia,14039,-1.722086104,1.10308099,2707,3496,2006,2318,1943,1118,6937,6651,451,12320,86,19,26,1588
2020-1,New Zealand,3553,30.3853211,0.279168513,572,698,611,524,470,288,1642,1521,390,2638,10,15,7,883
2020-1,Oceania others,163,-73.45276873,0.012807337,6,30,30,16,18,3,60,43,60,88,0,4,1,70
2020-1,South Africa,1272,27.2,0.099944371,41,467,386,108,75,53,505,625,142,509,10,3,7,743
2020-1,Africa others,2926,8.773234201,0.229903481,97,535,721,413,182,58,1496,510,920,944,492,68,209,1213
2020-1,Stateless,61,12.96296296,0.00479293,2,5,12,10,10,6,35,10,16,43,0,0,1,17
2020-1,Overseas Korean,8792,-43.37240757,0.690810461,162,598,885,1640,2740,2767,3680,5112,0,0,0,0,0,8792
2020-2,China,104086,-77.04216561,15.19033525,2582,33029,27649,17366,13778,6325,52686,48043,3357,49520,715,11,20753,33087
2020-2,Japan,211199,-0.938555347,30.8224316,15024,85449,29946,29557,30572,18573,67646,141475,2078,205007,1162,64,1536,3430
2020-2,Taiwan,53042,-43.90592117,7.740961921,9839,13044,10732,11187,5148,2631,18859,33722,461,51881,52,11,393,705
2020-2,Hong Kong,20966,-59.14016215,3.059782958,1476,6086,4676,3231,3171,2118,7812,12946,208,20369,24,2,284,287
2020-2,Macao,503,-87.31719617,0.073407938,44,210,125,52,36,34,184,317,2,476,0,0,22,5
2020-2,Phillipines,20332,-30.59329556,2.967256849,771,3503,4664,2892,1646,833,8351,5958,6023,12730,69,89,177,7267
2020-2,Indonesia,15800,-12.77946453,2.305855706,1166,2855,4526,3021,1426,633,5554,8073,2173,12155,47,80,374,3144
2020-2,Thailand,31777,-18.97756247,4.637542833,1460,7254,8932,4922,2811,1798,10436,16741,4600,25382,32,200,185,5978
2020-2,Vietnam,30313,-28.13589057,4.42388633,991,13249,7540,2257,1786,664,15353,11134,3826,9197,626,49,9647,10794
2020-2,India,5839,-29.72680226,0.85214503,124,1085,1628,812,307,113,3483,586,1770,2061,972,19,284,2503
2020-2,Malaysia,18541,-32.53893174,2.705877889,1969,5567,3909,2078,1846,926,6671,9624,2246,15459,68,8,430,2576
2020-2,Singapore,5909,-39.65482026,0.862360846,260,1349,1419,853,639,326,2297,2549,1063,4592,49,3,132,1133
2020-2,Mongolia,6399,-30.26373147,0.933871561,690,975,2011,1467,817,405,3098,3267,34,5210,42,264,427,456
2020-2,Uzbekistan,6888,-3.65086026,1.005236336,190,2149,2162,1194,452,264,4845,1566,477,2074,700,0,1141,2973
2020-2,Myanmar,4319,-19.52673747,0.630315873,33,1156,1230,377,133,31,2688,272,1359,1271,7,19,186,2836
2020-2,*GCC,789,-46.61705007,0.115146845,67,190,244,144,67,41,539,214,36,610,35,3,78,63
2020-2,Kazakhstan,3204,-15.10333863,0.467592512,225,954,751,482,291,202,1437,1468,299,1773,13,2,171,1245
2020-2,Turkey,1784,1.076487252,0.260357378,13,223,198,160,69,17,478,202,1104,520,11,8,98,1147
2020-2,Cambodia,2568,-30.87483176,0.374774522,89,1114,914,212,95,64,1714,774,80,754,22,104,124,1564
2020-2,Sri Lanka,1088,-28.23218997,0.158782975,8,307,492,131,20,9,912,55,121,146,26,0,37,879
2020-2,Bangladesh,996,-39.85507246,0.145356474,34,340,427,116,29,8,851,103,42,115,85,25,149,622
2020-2,Pakistan,1037,-27.93606671,0.151340023,52,291,399,146,76,22,873,113,51,221,150,22,236,408
2020-2,Israel,352,-53.74507227,0.051370963,5,68,63,59,54,103,250,102,0,329,4,1,8,10
2020-2,Iran,160,-51.36778116,0.023350438,4,50,57,25,11,2,79,70,11,35,25,1,56,43
2020-2,Asia others,4558,-11.49514563,0.665195589,183,1529,1546,525,229,118,3175,955,428,1409,446,63,316,2324
2020-2,USA,42439,-26.48964179,6.193557614,2775,7354,7713,5894,6807,6360,20570,16333,5536,26407,219,2200,848,12765
2020-2,Canada,9046,-33.24477898,1.320175362,515,1673,1781,1171,1426,1240,4119,3687,1240,5834,16,22,109,3065
2020-2,Brazil,1188,-12.25997046,0.173376999,57,370,222,143,67,54,461,452,275,769,6,3,71,339
2020-2,Mexico,1543,7.526132404,0.225185782,57,381,277,127,122,76,533,507,503,878,1,4,135,525
2020-2,America others,2601,12.694974,0.37959055,159,800,559,275,247,186,1123,1103,375,1893,4,24,217,463
2020-2,Russia,22157,10.77946103,3.233597777,1428,4588,5040,3314,2336,1303,9417,8592,4148,15487,155,10,288,6217
2020-2,UK,5566,-29.32960894,0.812303346,161,1288,1105,753,797,855,3207,1752,607,3936,68,15,123,1424
2020-2,Germany,5599,-18.45324789,0.817119373,226,1416,982,746,843,388,3085,1516,998,3725,133,19,491,1231
2020-2,France,5120,-12.17838765,0.747214001,302,1951,846,638,595,278,2654,1956,510,3355,123,27,907,708
2020-2,Italy,1718,-27.93624161,0.250725323,27,309,273,254,243,116,871,351,496,1045,38,4,77,554
2020-2,Netherland,2067,-12.30377599,0.301658465,64,413,228,212,252,154,919,404,744,1076,16,2,158,815
2020-2,Ukraine,1618,-22.21153846,0.2361313,41,251,306,200,110,52,768,192,658,653,80,3,52,830
2020-2,Spain,1068,-22.21412964,0.155864171,23,327,235,180,104,65,575,359,134,750,4,8,111,195
2020-2,Romania,471,-38.91050584,0.06873785,1,52,104,52,44,6,191,68,212,228,5,1,18,219
2020-2,Norway,441,-23.57019064,0.064359643,27,146,72,52,78,52,278,149,14,354,10,0,54,23
2020-2,Sweden,650,-29.88133765,0.094861152,31,225,107,102,101,52,372,246,32,491,14,2,83,60
2020-2,Poland,1206,-4.739336493,0.176003923,33,202,178,125,80,35,406,247,553,559,12,0,52,583
2020-2,Swiss,566,-35.4618016,0.082602173,17,207,82,79,78,58,343,178,45,432,11,2,62,59
2020-2,Portugal,299,-55.37313433,0.04363613,9,77,65,40,32,19,132,110,57,206,3,0,18,72
2020-2,Austria,668,-10.45576408,0.097488077,11,192,118,93,74,76,377,187,104,497,4,2,39,126
2020-2,Finland,780,-16.39871383,0.113833383,25,190,72,75,72,36,265,205,310,354,6,0,97,323
2020-2,Belgium,547,-16.36085627,0.079829308,22,131,86,71,82,39,301,130,116,343,8,3,35,158
2020-2,Croatia,286,-36.01789709,0.041738907,4,37,58,47,25,16,158,29,99,162,4,0,9,111
2020-2,Greece,663,9.225700165,0.096758376,2,86,165,109,73,52,432,55,176,463,14,0,4,182
2020-2,Bulgaria,218,-33.12883436,0.031814971,1,20,40,40,27,12,121,19,78,126,0,2,6,84
2020-2,Denmark,640,-7.780979827,0.09340175,45,215,71,102,113,56,391,211,38,500,7,5,54,74
2020-2,Ireland,465,-24.14355628,0.067862209,6,113,126,75,43,29,268,124,73,265,7,0,12,181
2020-2,Europe others,2432,-9.050112191,0.35492665,106,497,440,279,180,144,952,694,786,1372,26,12,161,861
2020-2,Austrailia,6857,-17.69295403,1.000712188,469,2280,1253,997,878,598,3622,2853,382,5689,44,15,82,1027
2020-2,New Zealand,1912,2.630166398,0.279037728,110,453,349,235,273,175,932,663,317,1288,5,4,5,610
2020-2,Oceania others,123,-71.26168224,0.017950649,4,21,28,15,14,14,64,32,27,76,4,3,5,35
2020-2,South Africa,1004,-15.70109152,0.146523995,13,403,282,85,59,45,374,513,117,328,7,1,6,662
2020-2,Africa others,3156,-9.20598389,0.46058738,49,595,665,494,342,166,1796,515,845,1113,519,58,431,1035
2020-2,Stateless,40,2.564102564,0.005837609,0,4,11,3,6,10,25,9,6,26,2,0,1,11
2020-2,Overseas Korean,7609,-47.37533716,1.110459245,151,678,781,1330,2328,2341,3296,4313,0,0,0,0,0,7609
2020-3,China,16595,-96.5967561,19.87496557,440,7903,3713,1909,1399,670,7734,8300,561,5040,115,2,7388,4050
2020-3,Japan,8347,-97.77483945,9.996766351,578,3843,1169,1035,949,448,3079,4943,325,6478,282,16,868,703
2020-3,Taiwan,585,-99.40615166,0.700623975,14,232,128,60,31,12,152,325,108,274,6,1,125,179
2020-3,Hong Kong,262,-99.43127551,0.313783729,10,111,65,37,19,3,86,159,17,173,4,0,51,34
2020-3,Macao,16,-99.47523778,0.019162365,2,9,3,1,1,0,5,11,0,11,1,0,4,0
2020-3,Phillipines,4539,-88.27162089,5.436123454,58,671,1028,583,280,77,2325,372,1842,2048,13,33,67,2378
2020-3,Indonesia,3760,-85.32740186,4.503155802,63,1069,770,362,102,21,1924,463,1373,1030,6,7,373,2344
2020-3,Thailand,2371,-95.53483992,2.83962298,76,714,650,203,51,21,656,1059,656,1059,21,11,124,1156
2020-3,Vietnam,4048,-91.38558447,4.848078374,426,2130,703,291,307,78,2098,1837,113,941,15,5,2200,887
2020-3,India,1587,-85.09299267,1.90066709,23,297,370,184,57,12,842,101,644,555,42,5,92,893
2020-3,Malaysia,890,-97.81803918,1.06590656,17,244,115,36,34,11,237,220,433,289,4,1,102,494
2020-3,Singapore,219,-99.00927392,0.262284873,15,74,47,35,23,9,95,108,16,159,5,6,13,36
2020-3,Mongolia,674,-92.27418615,0.807214631,99,315,154,65,26,12,236,435,3,191,5,9,357,112
2020-3,Uzbekistan,782,-90.69601428,0.936560595,43,295,239,123,43,21,574,190,18,89,19,0,260,414
2020-3,Myanmar,2519,-64.12191995,3.016874858,4,733,749,248,56,2,1701,91,727,741,0,0,109,1669
2020-3,*GCC,77,-97.45117511,0.092218882,0,19,22,8,2,1,38,14,25,26,5,1,19,26
2020-3,Kazakhstan,567,-88.46388606,0.679066314,37,186,114,83,30,19,213,256,98,144,4,1,95,323
2020-3,Turkey,242,-90.44233807,0.289830772,7,63,43,21,14,5,114,39,89,114,2,0,21,105
2020-3,Cambodia,1183,-52.69892043,1.416817371,6,795,333,28,12,9,886,297,0,45,10,6,35,1087
2020-3,Sri Lanka,441,-70.48192771,0.528162689,0,145,224,44,2,3,402,16,23,20,1,0,19,401
2020-3,Bangladesh,566,-66.78403756,0.677868666,11,274,209,26,9,3,494,38,34,77,8,1,133,347
2020-3,Pakistan,474,-63.02652106,0.567685067,24,157,169,59,24,10,389,54,31,70,44,5,138,217
2020-3,Israel,68,-95.78425294,0.081440052,0,58,3,1,2,4,36,32,0,61,2,0,3,2
2020-3,Iran,34,-91.09947644,0.040720026,1,12,12,2,3,1,13,18,3,9,1,1,12,11
2020-3,Asia others,1561,-76.7673761,1.869528247,80,817,449,96,32,10,1197,287,77,75,79,14,500,893
2020-3,USA,10570,-87.45772768,12.65913745,874,1559,1529,1085,1271,1220,4178,3360,3032,3995,47,598,79,5851
2020-3,Canada,2405,-87.11837172,2.880343006,169,438,398,249,325,260,947,892,566,1022,3,9,21,1350
2020-3,Brazil,291,-82.60609683,0.348515516,11,77,43,17,9,4,65,96,130,107,3,4,18,159
2020-3,Mexico,388,-82.37164925,0.464687354,6,76,50,25,20,10,96,91,201,150,1,2,26,209
2020-3,America others,456,-85.78553616,0.546127406,20,130,111,37,16,17,169,162,125,239,3,8,46,160
2020-3,Russia,5300,-81.06601886,6.347533444,267,682,869,536,376,192,1576,1346,2378,2189,42,4,115,2950
2020-3,UK,1173,-90.84523531,1.404840892,48,296,170,105,96,135,514,336,323,550,26,9,44,544
2020-3,Germany,1195,-89.27481601,1.431189145,72,394,191,93,97,56,494,409,292,611,41,8,121,414
2020-3,France,1217,-83.70598474,1.457537397,153,461,199,98,59,42,537,475,205,528,62,19,184,424
2020-3,Italy,248,-93.0784259,0.297016659,15,46,21,24,18,13,76,61,111,73,13,2,18,142
2020-3,Netherland,597,-79.39958592,0.714995748,15,97,40,32,26,18,149,79,369,156,5,0,29,407
2020-3,Ukraine,630,-73.39527027,0.754518126,11,126,100,65,37,14,281,72,277,214,30,2,7,377
2020-3,Spain,255,-87.29446936,0.305400194,7,105,42,21,8,9,101,91,63,127,6,5,26,91
2020-3,Romania,173,-83.42911877,0.207193073,2,26,41,18,12,4,84,19,70,86,3,2,6,76
2020-3,Norway,97,-88.69463869,0.116171839,7,39,17,5,10,8,41,45,11,53,4,1,19,20
2020-3,Sweden,188,-87.10562414,0.22515779,10,99,33,10,20,5,89,88,11,115,4,1,38,30
2020-3,Poland,322,-83.57142857,0.385642598,3,60,58,25,21,4,132,39,151,134,12,0,12,164
2020-3,Swiss,105,-91.42156863,0.125753021,6,50,12,4,7,8,35,52,18,60,4,0,14,27
2020-3,Portugal,61,-92.59708738,0.073056517,2,12,8,8,3,2,20,15,26,23,1,0,1,36
2020-3,Austria,96,-89.46212953,0.114974191,2,20,14,1,10,4,26,25,45,35,3,0,5,53
2020-3,Finland,144,-86.69131238,0.172461286,5,28,16,2,1,2,20,34,90,30,0,1,14,99
2020-3,Belgium,164,-88.28571429,0.196414242,9,42,16,10,13,5,58,37,69,62,6,2,8,86
2020-3,Croatia,84,-82.82208589,0.100602417,0,15,23,13,14,4,65,4,15,65,2,0,2,15
2020-3,Greece,199,-75.21793275,0.238331916,5,28,52,25,19,19,128,20,51,129,4,2,5,59
2020-3,Bulgaria,80,-82.41758242,0.095811826,0,21,9,10,6,2,38,10,32,40,0,0,8,32
2020-3,Denmark,114,-88.61138861,0.136531851,7,73,9,6,6,6,51,56,7,91,0,2,10,11
2020-3,Ireland,106,-85.35911602,0.126950669,2,25,32,7,6,4,54,22,30,29,5,0,1,71
2020-3,Europe others,538,-83.6969697,0.644334527,15,149,78,35,45,35,189,168,181,257,1,3,63,214
2020-3,Austrailia,760,-93.80249531,0.910212343,49,134,159,126,100,75,341,302,117,363,15,3,12,367
2020-3,New Zealand,275,-88.78008976,0.32935315,13,43,52,31,45,17,120,81,74,90,3,4,4,174
2020-3,Oceania others,50,-88.37209302,0.059882391,3,2,6,5,3,1,14,6,30,16,0,2,0,32
2020-3,South Africa,237,-74.92063492,0.283842533,1,96,59,13,11,8,72,116,49,29,0,0,0,208
2020-3,Africa others,946,-75.09215377,1.132974837,24,152,201,106,40,6,416,113,417,103,134,6,145,558
2020-3,Stateless,11,-80.70175439,0.013174126,0,0,1,2,2,3,7,1,3,7,0,0,0,4
2020-3,Overseas Korean,1615,-91.59947984,1.934201229,36,162,122,265,477,553,775,840,0,0,0,0,0,1615
2020-4,China,3935,-99.20223011,13.37752847,73,1165,978,761,650,232,2238,1621,76,522,71,0,1112,2230
2020-4,Japan,360,-99.87590144,1.223865375,60,87,49,71,30,23,165,155,40,58,53,2,49,198
2020-4,Taiwan,155,-99.8629192,0.526942036,6,38,33,14,10,4,52,53,50,48,8,0,12,87
2020-4,Hong Kong,35,-99.9540103,0.118986911,1,19,6,2,3,1,18,14,3,17,2,0,8,8
2020-4,Macao,1,-99.97679814,0.003399626,0,1,0,0,0,0,1,0,0,1,0,0,0,0
2020-4,Phillipines,1130,-98.30139045,3.841577426,8,154,188,131,41,6,492,36,602,438,1,5,6,680
2020-4,Indonesia,1864,-94.06879435,6.336902941,12,434,388,173,29,14,948,102,814,572,2,5,83,1202
2020-4,Thailand,299,-99.57117861,1.016488186,3,101,95,39,6,3,111,136,52,107,1,7,5,179
2020-4,Vietnam,6597,-89.5565863,22.42733299,909,4769,545,139,122,48,3138,3394,65,420,5,7,5334,831
2020-4,India,210,-98.37624681,0.713921469,7,10,39,18,9,2,70,15,125,46,7,4,2,151
2020-4,Malaysia,152,-99.65238073,0.516743158,7,73,16,10,3,0,55,54,43,29,1,0,61,61
2020-4,Singapore,48,-99.79405329,0.16318205,1,7,10,6,5,5,22,12,14,17,5,3,3,20
2020-4,Mongolia,616,-91.87549459,2.094169641,87,336,156,30,6,1,257,359,0,60,2,5,359,190
2020-4,Uzbekistan,7,-99.90512334,0.023797382,2,3,1,0,0,1,3,4,0,1,0,0,1,5
2020-4,Myanmar,763,-89.50770077,2.593914669,3,225,198,40,4,0,443,27,293,41,1,0,33,688
2020-4,*GCC,25,-99.23430322,0.084990651,7,0,6,2,1,0,8,8,9,0,5,0,0,20
2020-4,Kazakhstan,15,-99.67518406,0.050994391,2,7,0,2,0,2,5,8,2,4,0,0,4,7
2020-4,Turkey,26,-99.07997169,0.088390277,2,1,2,3,0,0,5,3,18,2,1,0,0,23
2020-4,Cambodia,547,-89.72769953,1.859595445,3,344,177,17,5,1,435,112,0,17,4,0,3,523
2020-4,Sri Lanka,183,-87.61840325,0.622131566,1,56,95,22,3,0,174,3,6,29,0,0,2,152
2020-4,Bangladesh,11,-99.16540212,0.037395886,0,0,0,1,1,0,2,0,9,2,0,0,0,9
2020-4,Pakistan,67,-94.49917898,0.227774945,3,14,25,10,1,0,49,4,14,6,4,0,11,46
2020-4,Israel,21,-99.05447996,0.071392147,3,2,3,0,1,1,4,6,11,1,2,2,0,16
2020-4,Iran,13,-95.63758389,0.044195139,0,0,11,1,0,0,8,4,1,0,2,0,6,5
2020-4,Asia others,36,-99.46761313,0.122386537,3,11,6,1,2,0,18,5,13,2,5,0,7,22
2020-4,USA,6417,-93.74097772,21.81540031,486,614,517,393,486,560,1581,1475,3361,1793,32,227,7,4358
2020-4,Canada,422,-98.02443706,1.434642189,18,120,67,42,48,51,185,161,76,135,3,0,0,284
2020-4,Brazil,52,-97.64918626,0.176780554,4,7,9,5,1,0,11,15,26,8,2,0,3,39
2020-4,Mexico,55,-98.33232262,0.186979432,4,8,9,3,3,2,17,12,26,12,0,3,1,39
2020-4,America others,83,-98.12302126,0.282168961,1,9,6,1,0,2,10,9,64,11,1,1,2,68
2020-4,Russia,1223,-96.42449934,4.157742648,7,28,43,34,34,14,136,24,1063,128,4,1,5,1085
2020-4,UK,298,-98.21631651,1.01308856,26,48,43,30,28,10,115,70,113,136,5,0,0,157
2020-4,Germany,1033,-91.9754525,3.5118137,8,16,15,11,12,4,43,23,967,30,9,2,4,988
2020-4,France,280,-97.58953168,0.951895292,8,46,44,24,9,2,100,33,147,100,8,3,7,162
2020-4,Italy,55,-98.74457886,0.186979432,1,5,7,5,2,1,13,8,34,11,5,1,2,36
2020-4,Netherland,385,-90.58449499,1.308856026,0,3,8,2,6,4,19,4,362,9,3,2,1,370
2020-4,Ukraine,116,-95.49339549,0.394356621,3,20,20,12,11,1,61,6,49,60,0,4,0,52
2020-4,Spain,31,-98.84241972,0.105388407,2,4,4,5,2,2,11,8,12,11,1,0,1,18
2020-4,Romania,82,-93.80196523,0.278769335,0,8,10,7,14,1,39,1,42,40,0,0,0,42
2020-4,Norway,35,-97.64942915,0.118986911,5,6,10,4,1,1,21,6,8,6,5,0,0,24
2020-4,Sweden,35,-98.40036563,0.118986911,5,5,5,3,1,3,7,15,13,7,3,2,0,23
2020-4,Poland,83,-96.39287266,0.282168961,0,7,4,7,1,1,15,5,63,14,1,0,1,67
2020-4,Swiss,33,-98.52415027,0.112187659,4,10,2,1,5,2,7,17,9,18,1,0,2,12
2020-4,Portugal,26,-97.81879195,0.088390277,0,3,4,4,2,0,10,3,13,1,1,0,0,24
2020-4,Austria,68,-94.03508772,0.231174571,0,1,1,0,0,0,2,0,66,1,0,0,1,66
2020-4,Finland,35,-97.25490196,0.118986911,0,2,3,0,1,0,5,1,29,5,1,0,0,29
2020-4,Belgium,57,-96.17449664,0.193778684,1,6,3,2,1,1,10,4,43,7,3,0,0,47
2020-4,Croatia,22,-96.19377163,0.074791773,0,4,6,4,0,0,13,1,8,14,0,0,0,8
2020-4,Greece,76,-90.47619048,0.258371579,0,8,17,11,3,6,43,2,31,30,6,0,0,40
2020-4,Bulgaria,43,-94.20485175,0.14618392,0,4,4,9,5,2,24,0,19,24,0,0,0,19
2020-4,Denmark,27,-98.05335256,0.091789903,0,3,5,2,2,0,8,4,15,5,1,0,0,21
2020-4,Ireland,22,-97.76876268,0.074791773,1,6,2,2,0,0,10,1,11,5,0,1,0,16
2020-4,Europe others,70,-98.38449111,0.237973823,0,13,3,2,3,0,12,9,49,14,1,0,1,54
2020-4,Austrailia,124,-99.37807202,0.421553629,8,19,14,20,18,6,44,41,39,28,0,4,0,92
2020-4,New Zealand,98,-97.42240926,0.333163352,2,15,9,12,13,13,42,22,34,19,0,5,0,74
2020-4,Oceania others,13,-97.23991507,0.044195139,0,0,0,0,0,0,0,0,13,0,0,0,0,13
2020-4,South Africa,22,-98.10181191,0.074791773,0,1,4,0,0,0,3,2,17,2,0,0,0,20
2020-4,Africa others,177,-95.41213064,0.601733809,3,9,16,6,2,0,30,6,141,11,5,0,11,150
2020-4,Stateless,3,-95.3125,0.010198878,0,0,0,0,0,0,0,0,3,0,0,0,0,3
2020-4,Overseas Korean,698,-96.54010112,2.372938977,13,73,72,102,176,262,287,411,0,0,0,0,0,698
